kind,runs,stage,rank,name,appearances,probability,matches,finals
stage,1000,Round of 32,1,Spain,994.0,0.994,,
stage,1000,Round of 32,2,Germany,990.0,0.99,,
stage,1000,Round of 32,3,Portugal,990.0,0.99,,
stage,1000,Round of 32,4,Argentina,985.0,0.985,,
stage,1000,Round of 32,5,Belgium,983.0,0.983,,
stage,1000,Round of 32,6,Brazil,982.0,0.982,,
stage,1000,Round of 32,7,France,981.0,0.981,,
stage,1000,Round of 32,8,Switzerland,979.0,0.979,,
stage,1000,Round of 32,9,England,974.0,0.974,,
stage,1000,Round of 32,10,Canada,971.0,0.971,,
stage,1000,Round of 32,11,Colombia,968.0,0.968,,
stage,1000,Round of 32,12,Mexico,967.0,0.967,,
stage,1000,Round of 32,13,Uruguay,966.0,0.966,,
stage,1000,Round of 32,14,Netherlands,959.0,0.959,,
stage,1000,Round of 32,15,Ecuador,941.0,0.941,,
stage,1000,Round of 32,16,USA,927.0,0.927,,
stage,1000,Round of 32,17,Türkiye,926.0,0.926,,
stage,1000,Round of 32,18,Czechia,922.0,0.922,,
stage,1000,Round of 32,19,Norway,862.0,0.862,,
stage,1000,Round of 32,20,Scotland,849.0,0.849,,
stage,1000,Round of 32,21,Croatia,822.0,0.822,,
stage,1000,Round of 32,22,Morocco,780.0,0.78,,
stage,1000,Round of 32,23,Japan,699.0,0.699,,
stage,1000,Round of 32,24,Senegal,679.0,0.679,,
stage,1000,Round of 32,25,Tunisia,663.0,0.663,,
stage,1000,Round of 32,26,Jordan,638.0,0.638,,
stage,1000,Round of 32,27,IR Iran,605.0,0.605,,
stage,1000,Round of 32,28,Panama,593.0,0.593,,
stage,1000,Round of 32,29,New Zealand,577.0,0.577,,
stage,1000,Round of 32,30,Korea Republic,565.0,0.565,,
stage,1000,Round of 32,31,Côte d'Ivoire,553.0,0.553,,
stage,1000,Round of 32,32,Austria,547.0,0.547,,
stage,1000,Round of 32,33,Bosnia and Herzegovina,541.0,0.541,,
stage,1000,Round of 32,34,Paraguay,539.0,0.539,,
stage,1000,Round of 32,35,Egypt,538.0,0.538,,
stage,1000,Round of 32,36,Algeria,525.0,0.525,,
stage,1000,Round of 32,37,Sweden,440.0,0.44,,
stage,1000,Round of 32,38,Congo DR,364.0,0.364,,
stage,1000,Round of 32,39,Australia,354.0,0.354,,
stage,1000,Round of 32,40,Ghana,280.0,0.28,,
stage,1000,Round of 32,41,Cape Verde Islands,277.0,0.277,,
stage,1000,Round of 32,42,South Africa,269.0,0.269,,
stage,1000,Round of 32,43,Uzbekistan,230.0,0.23,,
stage,1000,Round of 32,44,Saudi Arabia,218.0,0.218,,
stage,1000,Round of 32,45,Qatar,169.0,0.169,,
stage,1000,Round of 32,46,Iraq,149.0,0.149,,
stage,1000,Round of 32,47,Curaçao,144.0,0.144,,
stage,1000,Round of 32,48,Haiti,126.0,0.126,,
stage,1000,Round of 16,1,Portugal,917.0,0.917,,
stage,1000,Round of 16,2,Germany,888.0,0.888,,
stage,1000,Round of 16,3,Colombia,828.0,0.828,,
stage,1000,Round of 16,4,Mexico,826.0,0.826,,
stage,1000,Round of 16,5,Türkiye,785.0,0.785,,
stage,1000,Round of 16,6,USA,764.0,0.764,,
stage,1000,Round of 16,7,England,748.0,0.748,,
stage,1000,Round of 16,8,Belgium,723.0,0.723,,
stage,1000,Round of 16,9,Argentina,715.0,0.715,,
stage,1000,Round of 16,10,Switzerland,693.0,0.693,,
stage,1000,Round of 16,11,Ecuador,693.0,0.693,,
stage,1000,Round of 16,12,France,657.0,0.657,,
stage,1000,Round of 16,13,Netherlands,657.0,0.657,,
stage,1000,Round of 16,14,Czechia,634.0,0.634,,
stage,1000,Round of 16,15,Spain,623.0,0.623,,
stage,1000,Round of 16,16,Brazil,620.0,0.62,,
stage,1000,Round of 16,17,Uruguay,466.0,0.466,,
stage,1000,Round of 16,18,Norway,380.0,0.38,,
stage,1000,Round of 16,19,Korea Republic,363.0,0.363,,
stage,1000,Round of 16,20,Scotland,348.0,0.348,,
stage,1000,Round of 16,21,Canada,321.0,0.321,,
stage,1000,Round of 16,22,Côte d'Ivoire,280.0,0.28,,
stage,1000,Round of 16,23,Paraguay,207.0,0.207,,
stage,1000,Round of 16,24,Australia,182.0,0.182,,
stage,1000,Round of 16,25,Tunisia,168.0,0.168,,
stage,1000,Round of 16,26,Croatia,160.0,0.16,,
stage,1000,Round of 16,27,Panama,144.0,0.144,,
stage,1000,Round of 16,28,Jordan,142.0,0.142,,
stage,1000,Round of 16,29,New Zealand,134.0,0.134,,
stage,1000,Round of 16,30,Morocco,127.0,0.127,,
stage,1000,Round of 16,31,Japan,112.0,0.112,,
stage,1000,Round of 16,32,Uzbekistan,85.0,0.085,,
stage,1000,Round of 16,33,South Africa,70.0,0.07,,
stage,1000,Round of 16,34,Senegal,68.0,0.068,,
stage,1000,Round of 16,35,IR Iran,66.0,0.066,,
stage,1000,Round of 16,36,Egypt,60.0,0.06,,
stage,1000,Round of 16,37,Algeria,59.0,0.059,,
stage,1000,Round of 16,38,Congo DR,59.0,0.059,,
stage,1000,Round of 16,39,Sweden,53.0,0.053,,
stage,1000,Round of 16,40,Austria,44.0,0.044,,
stage,1000,Round of 16,41,Bosnia and Herzegovina,35.0,0.035,,
stage,1000,Round of 16,42,Curaçao,24.0,0.024,,
stage,1000,Round of 16,43,Ghana,23.0,0.023,,
stage,1000,Round of 16,44,Iraq,12.0,0.012,,
stage,1000,Round of 16,45,Saudi Arabia,12.0,0.012,,
stage,1000,Round of 16,46,Haiti,11.0,0.011,,
stage,1000,Round of 16,47,Qatar,10.0,0.01,,
stage,1000,Round of 16,48,Cape Verde Islands,4.0,0.004,,
stage,1000,Quarterfinals,1,Mexico,696.0,0.696,,
stage,1000,Quarterfinals,2,Argentina,685.0,0.685,,
stage,1000,Quarterfinals,3,Switzerland,629.0,0.629,,
stage,1000,Quarterfinals,4,Brazil,556.0,0.556,,
stage,1000,Quarterfinals,5,Portugal,530.0,0.53,,
stage,1000,Quarterfinals,6,Czechia,508.0,0.508,,
stage,1000,Quarterfinals,7,Türkiye,503.0,0.503,,
stage,1000,Quarterfinals,8,Germany,491.0,0.491,,
stage,1000,Quarterfinals,9,Ecuador,392.0,0.392,,
stage,1000,Quarterfinals,10,USA,341.0,0.341,,
stage,1000,Quarterfinals,11,Korea Republic,288.0,0.288,,
stage,1000,Quarterfinals,12,Colombia,288.0,0.288,,
stage,1000,Quarterfinals,13,Scotland,276.0,0.276,,
stage,1000,Quarterfinals,14,Canada,274.0,0.274,,
stage,1000,Quarterfinals,15,England,195.0,0.195,,
stage,1000,Quarterfinals,16,Spain,179.0,0.179,,
stage,1000,Quarterfinals,17,Netherlands,145.0,0.145,,
stage,1000,Quarterfinals,18,Jordan,110.0,0.11,,
stage,1000,Quarterfinals,19,France,107.0,0.107,,
stage,1000,Quarterfinals,20,Morocco,98.0,0.098,,
stage,1000,Quarterfinals,21,Belgium,86.0,0.086,,
stage,1000,Quarterfinals,22,Croatia,65.0,0.065,,
stage,1000,Quarterfinals,23,Paraguay,64.0,0.064,,
stage,1000,Quarterfinals,24,Côte d'Ivoire,53.0,0.053,,
stage,1000,Quarterfinals,25,Uruguay,53.0,0.053,,
stage,1000,Quarterfinals,26,Algeria,46.0,0.046,,
stage,1000,Quarterfinals,27,Uzbekistan,46.0,0.046,,
stage,1000,Quarterfinals,28,South Africa,41.0,0.041,,
stage,1000,Quarterfinals,29,Congo DR,37.0,0.037,,
stage,1000,Quarterfinals,30,Austria,33.0,0.033,,
stage,1000,Quarterfinals,31,Australia,33.0,0.033,,
stage,1000,Quarterfinals,32,Bosnia and Herzegovina,23.0,0.023,,
stage,1000,Quarterfinals,33,Norway,22.0,0.022,,
stage,1000,Quarterfinals,34,Japan,19.0,0.019,,
stage,1000,Quarterfinals,35,Sweden,16.0,0.016,,
stage,1000,Quarterfinals,36,Senegal,13.0,0.013,,
stage,1000,Quarterfinals,37,Tunisia,11.0,0.011,,
stage,1000,Quarterfinals,38,Panama,11.0,0.011,,
stage,1000,Quarterfinals,39,Qatar,8.0,0.008,,
stage,1000,Quarterfinals,40,Haiti,6.0,0.006,,
stage,1000,Quarterfinals,41,Egypt,5.0,0.005,,
stage,1000,Quarterfinals,42,New Zealand,5.0,0.005,,
stage,1000,Quarterfinals,43,IR Iran,4.0,0.004,,
stage,1000,Quarterfinals,44,Ghana,4.0,0.004,,
stage,1000,Quarterfinals,45,Curaçao,2.0,0.002,,
stage,1000,Quarterfinals,46,Saudi Arabia,2.0,0.002,,
stage,1000,Quarterfinals,47,Cape Verde Islands,1.0,0.001,,
stage,1000,Semifinals,1,Argentina,668.0,0.668,,
stage,1000,Semifinals,2,Brazil,530.0,0.53,,
stage,1000,Semifinals,3,Germany,465.0,0.465,,
stage,1000,Semifinals,4,Portugal,463.0,0.463,,
stage,1000,Semifinals,5,Ecuador,364.0,0.364,,
stage,1000,Semifinals,6,Scotland,241.0,0.241,,
stage,1000,Semifinals,7,Colombia,229.0,0.229,,
stage,1000,Semifinals,8,Spain,173.0,0.173,,
stage,1000,Semifinals,9,France,104.0,0.104,,
stage,1000,Semifinals,10,Jordan,90.0,0.09,,
stage,1000,Semifinals,11,Morocco,68.0,0.068,,
stage,1000,Semifinals,12,England,55.0,0.055,,
stage,1000,Semifinals,13,Croatia,42.0,0.042,,
stage,1000,Semifinals,14,Côte d'Ivoire,41.0,0.041,,
stage,1000,Semifinals,15,Uruguay,41.0,0.041,,
stage,1000,Semifinals,16,Algeria,40.0,0.04,,
stage,1000,Semifinals,17,Uzbekistan,38.0,0.038,,
stage,1000,Semifinals,18,Türkiye,36.0,0.036,,
stage,1000,Semifinals,19,USA,35.0,0.035,,
stage,1000,Semifinals,20,Mexico,34.0,0.034,,
stage,1000,Semifinals,21,Congo DR,32.0,0.032,,
stage,1000,Semifinals,22,Netherlands,30.0,0.03,,
stage,1000,Semifinals,23,Switzerland,25.0,0.025,,
stage,1000,Semifinals,24,Austria,24.0,0.024,,
stage,1000,Semifinals,25,Paraguay,22.0,0.022,,
stage,1000,Semifinals,26,Norway,21.0,0.021,,
stage,1000,Semifinals,27,Czechia,18.0,0.018,,
stage,1000,Semifinals,28,Japan,13.0,0.013,,
stage,1000,Semifinals,29,Korea Republic,12.0,0.012,,
stage,1000,Semifinals,30,Belgium,10.0,0.01,,
stage,1000,Semifinals,31,Canada,6.0,0.006,,
stage,1000,Semifinals,32,Panama,5.0,0.005,,
stage,1000,Semifinals,33,Sweden,5.0,0.005,,
stage,1000,Semifinals,34,Haiti,5.0,0.005,,
stage,1000,Semifinals,35,Australia,3.0,0.003,,
stage,1000,Semifinals,36,Senegal,3.0,0.003,,
stage,1000,Semifinals,37,Tunisia,2.0,0.002,,
stage,1000,Semifinals,38,Ghana,2.0,0.002,,
stage,1000,Semifinals,39,Curaçao,1.0,0.001,,
stage,1000,Semifinals,40,Cape Verde Islands,1.0,0.001,,
stage,1000,Semifinals,41,Qatar,1.0,0.001,,
stage,1000,Semifinals,42,Egypt,1.0,0.001,,
stage,1000,Semifinals,43,Saudi Arabia,1.0,0.001,,
stage,1000,Final,1,Brazil,496.0,0.496,,
stage,1000,Final,2,Germany,433.0,0.433,,
stage,1000,Final,3,Ecuador,306.0,0.306,,
stage,1000,Final,4,Scotland,192.0,0.192,,
stage,1000,Final,5,France,100.0,0.1,,
stage,1000,Final,6,Argentina,86.0,0.086,,
stage,1000,Final,7,Morocco,59.0,0.059,,
stage,1000,Final,8,Portugal,55.0,0.055,,
stage,1000,Final,9,Côte d'Ivoire,35.0,0.035,,
stage,1000,Final,10,Spain,35.0,0.035,,
stage,1000,Final,11,Netherlands,29.0,0.029,,
stage,1000,Final,12,Mexico,28.0,0.028,,
stage,1000,Final,13,Colombia,25.0,0.025,,
stage,1000,Final,14,England,23.0,0.023,,
stage,1000,Final,15,Norway,19.0,0.019,,
stage,1000,Final,16,Czechia,13.0,0.013,,
stage,1000,Final,17,Japan,11.0,0.011,,
stage,1000,Final,18,Korea Republic,10.0,0.01,,
stage,1000,Final,19,Paraguay,9.0,0.009,,
stage,1000,Final,20,Croatia,6.0,0.006,,
stage,1000,Final,21,Türkiye,5.0,0.005,,
stage,1000,Final,22,Uruguay,4.0,0.004,,
stage,1000,Final,23,Haiti,4.0,0.004,,
stage,1000,Final,24,USA,4.0,0.004,,
stage,1000,Final,25,Sweden,3.0,0.003,,
stage,1000,Final,26,Jordan,3.0,0.003,,
stage,1000,Final,27,Senegal,2.0,0.002,,
stage,1000,Final,28,Switzerland,2.0,0.002,,
stage,1000,Final,29,Austria,1.0,0.001,,
stage,1000,Final,30,Canada,1.0,0.001,,
stage,1000,Final,31,Belgium,1.0,0.001,,
pair,1000,Round of 32,1,Argentina | Uruguay,,0.418,418.0,
pair,1000,Round of 32,2,Argentina | Spain,,0.401,401.0,
pair,1000,Round of 32,3,Croatia | Portugal,,0.37,370.0,
pair,1000,Round of 32,4,Netherlands | Scotland,,0.332,332.0,
pair,1000,Round of 32,5,Brazil | Netherlands,,0.321,321.0,
pair,1000,Round of 32,6,Colombia | Croatia,,0.294,294.0,
pair,1000,Round of 32,7,Congo DR | England,,0.236,236.0,
pair,1000,Round of 32,8,Brazil | Tunisia,,0.226,226.0,
pair,1000,Round of 32,9,Brazil | Japan,,0.226,226.0,
pair,1000,Round of 32,10,Jordan | Spain,,0.22,220.0,
pair,1000,Round of 32,11,Bosnia and Herzegovina | Türkiye,,0.215,215.0,
pair,1000,Round of 32,12,Panama | Portugal,,0.209,209.0,
pair,1000,Round of 32,13,Canada | Mexico,,0.209,209.0,
pair,1000,Round of 32,14,Colombia | Panama,,0.208,208.0,
pair,1000,Round of 32,15,Morocco | Netherlands,,0.186,186.0,
pair,1000,Round of 32,16,Austria | Spain,,0.18,180.0,
pair,1000,Round of 32,17,Algeria | Spain,,0.175,175.0,
pair,1000,Round of 32,18,Scotland | Tunisia,,0.175,175.0,
pair,1000,Round of 32,19,Canada | Korea Republic,,0.17,170.0,
pair,1000,Round of 32,20,Canada | Czechia,,0.167,167.0,
pair,1000,Round of 32,21,Belgium | Czechia,,0.164,164.0,
pair,1000,Round of 32,22,Germany | Norway,,0.164,164.0,
pair,1000,Round of 32,23,France | Japan,,0.164,164.0,
pair,1000,Round of 32,24,Jordan | Uruguay,,0.161,161.0,
pair,1000,Round of 32,25,Colombia | England,,0.16,160.0,
pair,1000,Round of 32,26,Bosnia and Herzegovina | USA,,0.158,158.0,
pair,1000,Round of 32,27,England | Senegal,,0.153,153.0,
pair,1000,Round of 32,28,England | Portugal,,0.147,147.0,
pair,1000,Round of 32,29,IR Iran | USA,,0.143,143.0,
pair,1000,Round of 32,30,Austria | Uruguay,,0.14,140.0,
pair,1000,Round of 32,31,France | Germany,,0.14,140.0,
pair,1000,Round of 32,32,Japan | Scotland,,0.133,133.0,
pair,1000,Round of 32,33,IR Iran | Switzerland,,0.133,133.0,
pair,1000,Round of 32,34,Belgium | Korea Republic,,0.132,132.0,
pair,1000,Round of 32,35,Algeria | Uruguay,,0.128,128.0,
pair,1000,Round of 32,36,Belgium | South Africa,,0.127,127.0,
pair,1000,Round of 32,37,Brazil | Sweden,,0.125,125.0,
pair,1000,Round of 32,38,Germany | Morocco,,0.125,125.0,
pair,1000,Round of 32,39,Egypt | Switzerland,,0.123,123.0,
pair,1000,Round of 32,40,Colombia | Ghana,,0.122,122.0,
pair,1000,Round of 32,41,Ghana | Portugal,,0.121,121.0,
pair,1000,Round of 32,42,New Zealand | Switzerland,,0.114,114.0,
pair,1000,Round of 32,43,Ecuador | Morocco,,0.114,114.0,
pair,1000,Round of 32,44,Ecuador | Paraguay,,0.114,114.0,
pair,1000,Round of 32,45,Ecuador | Norway,,0.111,111.0,
pair,1000,Round of 32,46,Côte d'Ivoire | Norway,,0.11,110.0,
pair,1000,Round of 32,47,England | Uzbekistan,,0.107,107.0,
pair,1000,Round of 32,48,Egypt | USA,,0.107,107.0,
pair,1000,Round of 32,49,Germany | Paraguay,,0.107,107.0,
pair,1000,Round of 32,50,France | Sweden,,0.105,105.0,
pair,1000,Round of 32,51,New Zealand | USA,,0.101,101.0,
pair,1000,Round of 32,52,Germany | Senegal,,0.099,99.0,
pair,1000,Round of 32,53,France | Tunisia,,0.097,97.0,
pair,1000,Round of 32,54,Mexico | Switzerland,,0.095,95.0,
pair,1000,Round of 32,55,Argentina | Saudi Arabia,,0.095,95.0,
pair,1000,Round of 32,56,Mexico | Morocco,,0.094,94.0,
pair,1000,Round of 32,57,Côte d'Ivoire | France,,0.093,93.0,
pair,1000,Round of 32,58,Czechia | Morocco,,0.092,92.0,
pair,1000,Round of 32,59,Ecuador | France,,0.089,89.0,
pair,1000,Round of 32,60,Japan | Norway,,0.089,89.0,
pair,1000,Round of 32,61,IR Iran | Türkiye,,0.088,88.0,
pair,1000,Round of 32,62,Belgium | USA,,0.086,86.0,
pair,1000,Round of 32,63,Belgium | Mexico,,0.082,82.0,
pair,1000,Round of 32,64,Jordan | Switzerland,,0.078,78.0,
pair,1000,Round of 16,1,Belgium | Türkiye,,0.367,367.0,
pair,1000,Round of 16,2,Colombia | Switzerland,,0.353,353.0,
pair,1000,Round of 16,3,England | Mexico,,0.32,320.0,
pair,1000,Round of 16,4,Argentina | USA,,0.289,289.0,
pair,1000,Round of 16,5,Portugal | Switzerland,,0.27,270.0,
pair,1000,Round of 16,6,France | Germany,,0.269,269.0,
pair,1000,Round of 16,7,Portugal | Spain,,0.268,268.0,
pair,1000,Round of 16,8,Czechia | England,,0.266,266.0,
pair,1000,Round of 16,9,Ecuador | France,,0.261,261.0,
pair,1000,Round of 16,10,Brazil | Germany,,0.242,242.0,
pair,1000,Round of 16,11,Belgium | USA,,0.24,240.0,
pair,1000,Round of 16,12,Mexico | Netherlands,,0.232,232.0,
pair,1000,Round of 16,13,Portugal | Uruguay,,0.229,229.0,
pair,1000,Round of 16,14,Korea Republic | Netherlands,,0.169,169.0,
pair,1000,Round of 16,15,Argentina | Türkiye,,0.167,167.0,
pair,1000,Round of 16,16,Colombia | Spain,,0.165,165.0,
pair,1000,Round of 16,17,Germany | Norway,,0.159,159.0,
pair,1000,Round of 16,18,Canada | Colombia,,0.157,157.0,
pair,1000,Round of 16,19,Ecuador | Norway,,0.151,151.0,
pair,1000,Round of 16,20,Brazil | Ecuador,,0.139,139.0,
pair,1000,Round of 16,21,Czechia | Netherlands,,0.139,139.0,
pair,1000,Round of 16,22,Germany | Scotland,,0.123,123.0,
pair,1000,Round of 16,23,Brazil | Côte d'Ivoire,,0.121,121.0,
pair,1000,Round of 16,24,Colombia | Uruguay,,0.104,104.0,
pair,1000,Round of 16,25,Argentina | Australia,,0.104,104.0,
pair,1000,Round of 16,26,Canada | Portugal,,0.099,99.0,
pair,1000,Round of 16,27,Argentina | Paraguay,,0.099,99.0,
pair,1000,Round of 16,28,Côte d'Ivoire | Scotland,,0.082,82.0,
pair,1000,Round of 16,29,Ecuador | Scotland,,0.073,73.0,
pair,1000,Round of 16,30,New Zealand | Türkiye,,0.072,72.0,
pair,1000,Round of 16,31,Jordan | USA,,0.065,65.0,
pair,1000,Round of 16,32,Mexico | Panama,,0.062,62.0,
pair,1000,Round of 16,33,Mexico | Tunisia,,0.059,59.0,
pair,1000,Round of 16,34,Czechia | Panama,,0.049,49.0,
pair,1000,Round of 16,35,Croatia | Mexico,,0.048,48.0,
pair,1000,Round of 16,36,England | Korea Republic,,0.046,46.0,
pair,1000,Round of 16,37,Czechia | Tunisia,,0.045,45.0,
pair,1000,Round of 16,38,New Zealand | USA,,0.044,44.0,
pair,1000,Round of 16,39,Korea Republic | Tunisia,,0.041,41.0,
pair,1000,Round of 16,40,Croatia | Czechia,,0.04,40.0,
pair,1000,Round of 16,41,Brazil | France,,0.04,40.0,
pair,1000,Round of 16,42,Netherlands | South Africa,,0.037,37.0,
pair,1000,Round of 16,43,Belgium | Paraguay,,0.034,34.0,
pair,1000,Round of 16,44,Japan | Mexico,,0.033,33.0,
pair,1000,Round of 16,45,Jordan | Türkiye,,0.033,33.0,
pair,1000,Round of 16,46,Uruguay | Uzbekistan,,0.03,30.0,
pair,1000,Round of 16,47,Spain | USA,,0.029,29.0,
pair,1000,Round of 16,48,Congo DR | Spain,,0.029,29.0,
pair,1000,Round of 16,49,Spain | Uzbekistan,,0.029,29.0,
pair,1000,Round of 16,50,England | Uruguay,,0.028,28.0,
pair,1000,Round of 16,51,Canada | Netherlands,,0.028,28.0,
pair,1000,Round of 16,52,IR Iran | Türkiye,,0.027,27.0,
pair,1000,Round of 16,53,Australia | Belgium,,0.026,26.0,
pair,1000,Round of 16,54,Egypt | Türkiye,,0.026,26.0,
pair,1000,Round of 16,55,Côte d'Ivoire | France,,0.025,25.0,
pair,1000,Round of 16,56,Japan | Korea Republic,,0.023,23.0,
pair,1000,Round of 16,57,England | Spain,,0.023,23.0,
pair,1000,Round of 16,58,Netherlands | Switzerland,,0.022,22.0,
pair,1000,Round of 16,59,Czechia | Japan,,0.022,22.0,
pair,1000,Round of 16,60,Argentina | Belgium,,0.022,22.0,
pair,1000,Round of 16,61,Croatia | Spain,,0.022,22.0,
pair,1000,Round of 16,62,England | Morocco,,0.021,21.0,
pair,1000,Round of 16,63,Germany | Morocco,,0.02,20.0,
pair,1000,Round of 16,64,France | Scotland,,0.02,20.0,
pair,1000,Quarterfinals,1,Argentina | Switzerland,,0.403,403.0,
pair,1000,Quarterfinals,2,Portugal | Türkiye,,0.23,230.0,
pair,1000,Quarterfinals,3,Brazil | Mexico,,0.217,217.0,
pair,1000,Quarterfinals,4,Argentina | Canada,,0.164,164.0,
pair,1000,Quarterfinals,5,Portugal | USA,,0.16,160.0,
pair,1000,Quarterfinals,6,Germany | Mexico,,0.157,157.0,
pair,1000,Quarterfinals,7,Brazil | Czechia,,0.153,153.0,
pair,1000,Quarterfinals,8,Ecuador | Mexico,,0.13,130.0,
pair,1000,Quarterfinals,9,Colombia | Türkiye,,0.112,112.0,
pair,1000,Quarterfinals,10,Czechia | Germany,,0.11,110.0,
pair,1000,Quarterfinals,11,Germany | Korea Republic,,0.109,109.0,
pair,1000,Quarterfinals,12,Mexico | Scotland,,0.103,103.0,
pair,1000,Quarterfinals,13,Ecuador | Korea Republic,,0.09,90.0,
pair,1000,Quarterfinals,14,Brazil | England,,0.089,89.0,
pair,1000,Quarterfinals,15,Czechia | Scotland,,0.085,85.0,
pair,1000,Quarterfinals,16,Colombia | USA,,0.077,77.0,
pair,1000,Quarterfinals,17,Czechia | Ecuador,,0.069,69.0,
pair,1000,Quarterfinals,18,Jordan | Switzerland,,0.064,64.0,
pair,1000,Quarterfinals,19,Spain | Switzerland,,0.054,54.0,
pair,1000,Quarterfinals,20,Spain | Türkiye,,0.051,51.0,
pair,1000,Quarterfinals,21,Ecuador | Netherlands,,0.048,48.0,
pair,1000,Quarterfinals,22,Germany | Netherlands,,0.047,47.0,
pair,1000,Quarterfinals,23,Argentina | Colombia,,0.039,39.0,
pair,1000,Quarterfinals,24,Argentina | Portugal,,0.038,38.0,
pair,1000,Quarterfinals,25,Belgium | Portugal,,0.038,38.0,
pair,1000,Quarterfinals,26,England | Scotland,,0.036,36.0,
pair,1000,Quarterfinals,27,Spain | USA,,0.033,33.0,
pair,1000,Quarterfinals,28,Brazil | Korea Republic,,0.033,33.0,
pair,1000,Quarterfinals,29,Canada | Jordan,,0.027,27.0,
pair,1000,Quarterfinals,30,Algeria | Switzerland,,0.026,26.0,
pair,1000,Quarterfinals,31,France | Mexico,,0.023,23.0,
pair,1000,Quarterfinals,32,France | Korea Republic,,0.023,23.0,
pair,1000,Quarterfinals,33,Czechia | Morocco,,0.023,23.0,
pair,1000,Quarterfinals,34,Türkiye | Uzbekistan,,0.023,23.0,
pair,1000,Quarterfinals,35,Czechia | France,,0.022,22.0,
pair,1000,Quarterfinals,36,England | Türkiye,,0.022,22.0,
pair,1000,Quarterfinals,37,Paraguay | Portugal,,0.021,21.0,
pair,1000,Quarterfinals,38,Germany | South Africa,,0.02,20.0,
pair,1000,Quarterfinals,39,Croatia | Türkiye,,0.019,19.0,
pair,1000,Quarterfinals,40,Mexico | Morocco,,0.018,18.0,
pair,1000,Quarterfinals,41,Austria | Switzerland,,0.017,17.0,
pair,1000,Quarterfinals,42,Côte d'Ivoire | Mexico,,0.017,17.0,
pair,1000,Quarterfinals,43,Congo DR | Türkiye,,0.017,17.0,
pair,1000,Quarterfinals,44,France | Netherlands,,0.016,16.0,
pair,1000,Quarterfinals,45,USA | Uzbekistan,,0.015,15.0,
pair,1000,Quarterfinals,46,Brazil | Morocco,,0.014,14.0,
pair,1000,Quarterfinals,47,Canada | Spain,,0.014,14.0,
pair,1000,Quarterfinals,48,Croatia | USA,,0.013,13.0,
pair,1000,Quarterfinals,49,Belgium | Colombia,,0.013,13.0,
pair,1000,Quarterfinals,50,Canada | Ecuador,,0.013,13.0,
pair,1000,Quarterfinals,51,Switzerland | Uruguay,,0.013,13.0,
pair,1000,Quarterfinals,52,Brazil | Croatia,,0.013,13.0,
pair,1000,Quarterfinals,53,Ecuador | South Africa,,0.012,12.0,
pair,1000,Quarterfinals,54,Argentina | Bosnia and Herzegovina,,0.012,12.0,
pair,1000,Quarterfinals,55,England | Morocco,,0.012,12.0,
pair,1000,Quarterfinals,56,Congo DR | USA,,0.011,11.0,
pair,1000,Quarterfinals,57,Colombia | Paraguay,,0.011,11.0,
pair,1000,Quarterfinals,58,Switzerland | USA,,0.011,11.0,
pair,1000,Quarterfinals,59,Morocco | Scotland,,0.011,11.0,
pair,1000,Quarterfinals,60,Australia | Portugal,,0.01,10.0,
pair,1000,Quarterfinals,61,Korea Republic | Scotland,,0.01,10.0,
pair,1000,Quarterfinals,62,Canada | Germany,,0.01,10.0,
pair,1000,Quarterfinals,63,Czechia | Netherlands,,0.01,10.0,
pair,1000,Quarterfinals,64,Australia | Colombia,,0.01,10.0,
pair,1000,Semifinals,1,Argentina | Brazil,,0.344,344.0,
pair,1000,Semifinals,2,Germany | Portugal,,0.189,189.0,
pair,1000,Semifinals,3,Ecuador | Portugal,,0.166,166.0,
pair,1000,Semifinals,4,Argentina | Scotland,,0.161,161.0,
pair,1000,Semifinals,5,Colombia | Germany,,0.087,87.0,
pair,1000,Semifinals,6,Colombia | Ecuador,,0.079,79.0,
pair,1000,Semifinals,7,Germany | Spain,,0.053,53.0,
pair,1000,Semifinals,8,Brazil | Jordan,,0.048,48.0,
pair,1000,Semifinals,9,Brazil | Spain,,0.046,46.0,
pair,1000,Semifinals,10,France | Portugal,,0.042,42.0,
pair,1000,Semifinals,11,Argentina | Morocco,,0.038,38.0,
pair,1000,Semifinals,12,Ecuador | Spain,,0.032,32.0,
pair,1000,Semifinals,13,Argentina | Germany,,0.029,29.0,
pair,1000,Semifinals,14,Jordan | Scotland,,0.027,27.0,
pair,1000,Semifinals,15,Croatia | Germany,,0.022,22.0,
pair,1000,Semifinals,16,Colombia | France,,0.02,20.0,
pair,1000,Semifinals,17,Algeria | Brazil,,0.019,19.0,
pair,1000,Semifinals,18,Brazil | Switzerland,,0.016,16.0,
pair,1000,Semifinals,19,Ecuador | England,,0.016,16.0,
pair,1000,Semifinals,20,England | Germany,,0.015,15.0,
pair,1000,Semifinals,21,Congo DR | Germany,,0.015,15.0,
pair,1000,Semifinals,22,Côte d'Ivoire | Portugal,,0.015,15.0,
pair,1000,Semifinals,23,Argentina | Netherlands,,0.014,14.0,
pair,1000,Semifinals,24,Argentina | England,,0.013,13.0,
pair,1000,Semifinals,25,Scotland | Spain,,0.013,13.0,
pair,1000,Semifinals,26,Germany | Uzbekistan,,0.013,13.0,
pair,1000,Semifinals,27,Argentina | Mexico,,0.012,12.0,
pair,1000,Semifinals,28,Argentina | Ecuador,,0.012,12.0,
pair,1000,Semifinals,29,Austria | Brazil,,0.011,11.0,
pair,1000,Semifinals,30,Congo DR | Ecuador,,0.011,11.0,
pair,1000,Semifinals,31,Scotland | Uruguay,,0.011,11.0,
pair,1000,Semifinals,32,Argentina | France,,0.01,10.0,
pair,1000,Semifinals,33,Germany | Uruguay,,0.01,10.0,
pair,1000,Semifinals,34,Brazil | USA,,0.009,9.0,
pair,1000,Semifinals,35,Ecuador | Uzbekistan,,0.009,9.0,
pair,1000,Semifinals,36,Argentina | Côte d'Ivoire,,0.009,9.0,
pair,1000,Semifinals,37,Brazil | Uruguay,,0.009,9.0,
pair,1000,Semifinals,38,Croatia | Ecuador,,0.009,9.0,
pair,1000,Semifinals,39,Germany | Türkiye,,0.009,9.0,
pair,1000,Semifinals,40,Ecuador | Türkiye,,0.009,9.0,
pair,1000,Semifinals,41,Algeria | Scotland,,0.008,8.0,
pair,1000,Semifinals,42,Ecuador | Uruguay,,0.008,8.0,
pair,1000,Semifinals,43,Brazil | Türkiye,,0.008,8.0,
pair,1000,Semifinals,44,Brazil | Portugal,,0.008,8.0,
pair,1000,Semifinals,45,Colombia | Morocco,,0.007,7.0,
pair,1000,Semifinals,46,Argentina | Japan,,0.007,7.0,
pair,1000,Semifinals,47,Colombia | Côte d'Ivoire,,0.007,7.0,
pair,1000,Semifinals,48,Norway | Portugal,,0.007,7.0,
pair,1000,Semifinals,49,Argentina | Czechia,,0.007,7.0,
pair,1000,Semifinals,50,Colombia | Mexico,,0.007,7.0,
pair,1000,Semifinals,51,Germany | USA,,0.006,6.0,
pair,1000,Semifinals,52,France | Uzbekistan,,0.006,6.0,
pair,1000,Semifinals,53,Austria | Scotland,,0.006,6.0,
pair,1000,Semifinals,54,Scotland | USA,,0.006,6.0,
pair,1000,Semifinals,55,France | Spain,,0.006,6.0,
pair,1000,Semifinals,56,Morocco | Portugal,,0.005,5.0,
pair,1000,Semifinals,57,Croatia | France,,0.005,5.0,
pair,1000,Semifinals,58,Netherlands | Portugal,,0.005,5.0,
pair,1000,Semifinals,59,Belgium | Germany,,0.005,5.0,
pair,1000,Semifinals,60,Korea Republic | Portugal,,0.005,5.0,
pair,1000,Semifinals,61,Colombia | Norway,,0.005,5.0,
pair,1000,Semifinals,62,Mexico | Portugal,,0.005,5.0,
pair,1000,Semifinals,63,Colombia | Korea Republic,,0.004,4.0,
pair,1000,Semifinals,64,Scotland | Switzerland,,0.004,4.0,
pair,1000,Final,1,Brazil | Germany,,0.201,201.0,
pair,1000,Final,2,Brazil | Ecuador,,0.143,143.0,
pair,1000,Final,3,Germany | Scotland,,0.074,74.0,
pair,1000,Final,4,Ecuador | Scotland,,0.057,57.0,
pair,1000,Final,5,Argentina | Germany,,0.041,41.0,
pair,1000,Final,6,Brazil | France,,0.04,40.0,
pair,1000,Final,7,Brazil | Portugal,,0.03,30.0,
pair,1000,Final,8,Ecuador | Germany,,0.03,30.0,
pair,1000,Final,9,Argentina | Ecuador,,0.024,24.0,
pair,1000,Final,10,France | Scotland,,0.023,23.0,
pair,1000,Final,11,Germany | Morocco,,0.017,17.0,
pair,1000,Final,12,Ecuador | Morocco,,0.016,16.0,
pair,1000,Final,13,Portugal | Scotland,,0.012,12.0,
pair,1000,Final,14,Brazil | Côte d'Ivoire,,0.012,12.0,
pair,1000,Final,15,Germany | Mexico,,0.012,12.0,
pair,1000,Final,16,Brazil | Norway,,0.01,10.0,
pair,1000,Final,17,England | Germany,,0.009,9.0,
pair,1000,Final,18,Ecuador | France,,0.009,9.0,
pair,1000,Final,19,Brazil | Colombia,,0.009,9.0,
pair,1000,Final,20,Brazil | Morocco,,0.008,8.0,
pair,1000,Final,21,Brazil | Netherlands,,0.008,8.0,
pair,1000,Final,22,Ecuador | Spain,,0.007,7.0,
pair,1000,Final,23,Côte d'Ivoire | Germany,,0.007,7.0,
pair,1000,Final,24,Brazil | Spain,,0.007,7.0,
pair,1000,Final,25,Côte d'Ivoire | Scotland,,0.007,7.0,
pair,1000,Final,26,Brazil | Mexico,,0.007,7.0,
pair,1000,Final,27,Germany | Netherlands,,0.006,6.0,
pair,1000,Final,28,France | Germany,,0.006,6.0,
pair,1000,Final,29,Germany | Spain,,0.006,6.0,
pair,1000,Final,30,Colombia | Scotland,,0.005,5.0,
pair,1000,Final,31,Argentina | France,,0.005,5.0,
pair,1000,Final,32,France | Morocco,,0.004,4.0,
pair,1000,Final,33,Brazil | Paraguay,,0.004,4.0,
pair,1000,Final,34,Czechia | Germany,,0.004,4.0,
pair,1000,Final,35,Germany | Japan,,0.004,4.0,
pair,1000,Final,36,Ecuador | Netherlands,,0.004,4.0,
pair,1000,Final,37,Argentina | Spain,,0.003,3.0,
pair,1000,Final,38,Ecuador | Mexico,,0.003,3.0,
pair,1000,Final,39,Ecuador | England,,0.003,3.0,
pair,1000,Final,40,Argentina | Portugal,,0.003,3.0,
pair,1000,Final,41,Morocco | Portugal,,0.003,3.0,
pair,1000,Final,42,France | Netherlands,,0.003,3.0,
pair,1000,Final,43,Brazil | England,,0.003,3.0,
pair,1000,Final,44,Argentina | Norway,,0.003,3.0,
pair,1000,Final,45,Japan | Morocco,,0.002,2.0,
pair,1000,Final,46,Korea Republic | Norway,,0.002,2.0,
pair,1000,Final,47,Germany | Korea Republic,,0.002,2.0,
pair,1000,Final,48,Scotland | Spain,,0.002,2.0,
pair,1000,Final,49,Colombia | Germany,,0.002,2.0,
pair,1000,Final,50,Paraguay | Scotland,,0.002,2.0,
pair,1000,Final,51,Germany | Sweden,,0.002,2.0,
pair,1000,Final,52,Morocco | Netherlands,,0.002,2.0,
pair,1000,Final,53,Argentina | Côte d'Ivoire,,0.002,2.0,
pair,1000,Final,54,Czechia | Ecuador,,0.002,2.0,
pair,1000,Final,55,Brazil | USA,,0.002,2.0,
pair,1000,Final,56,Brazil | Korea Republic,,0.002,2.0,
pair,1000,Final,57,Ecuador | Uruguay,,0.002,2.0,
pair,1000,Final,58,Czechia | Scotland,,0.002,2.0,
pair,1000,Final,59,Mexico | Scotland,,0.002,2.0,
pair,1000,Final,60,Croatia | Germany,,0.002,2.0,
pair,1000,Final,61,Germany | Haiti,,0.002,2.0,
pair,1000,Final,62,Brazil | Czechia,,0.002,2.0,
pair,1000,Final,63,Côte d'Ivoire | Spain,,0.002,2.0,
pair,1000,Final,64,Scotland | Türkiye,,0.001,1.0,
finalist,1000,Final,1,Brazil,,0.496,,496.0
finalist,1000,Final,2,Germany,,0.433,,433.0
finalist,1000,Final,3,Ecuador,,0.306,,306.0
finalist,1000,Final,4,Scotland,,0.192,,192.0
finalist,1000,Final,5,France,,0.1,,100.0
finalist,1000,Final,6,Argentina,,0.086,,86.0
finalist,1000,Final,7,Morocco,,0.059,,59.0
finalist,1000,Final,8,Portugal,,0.055,,55.0
finalist,1000,Final,9,Côte d'Ivoire,,0.035,,35.0
finalist,1000,Final,10,Spain,,0.035,,35.0
finalist,1000,Final,11,Netherlands,,0.029,,29.0
finalist,1000,Final,12,Mexico,,0.028,,28.0
finalist,1000,Final,13,Colombia,,0.025,,25.0
finalist,1000,Final,14,England,,0.023,,23.0
finalist,1000,Final,15,Norway,,0.019,,19.0
finalist,1000,Final,16,Czechia,,0.013,,13.0
stage,2000,Round of 32,1,Spain,1989.0,0.9945,,
stage,2000,Round of 32,2,Germany,1982.0,0.991,,
stage,2000,Round of 32,3,France,1972.0,0.986,,
stage,2000,Round of 32,4,Portugal,1972.0,0.986,,
stage,2000,Round of 32,5,Brazil,1971.0,0.9855,,
stage,2000,Round of 32,6,Belgium,1966.0,0.983,,
stage,2000,Round of 32,7,Argentina,1964.0,0.982,,
stage,2000,Round of 32,8,Switzerland,1960.0,0.98,,
stage,2000,Round of 32,9,England,1950.0,0.975,,
stage,2000,Round of 32,10,Canada,1938.0,0.969,,
stage,2000,Round of 32,11,Colombia,1934.0,0.967,,
stage,2000,Round of 32,12,Netherlands,1930.0,0.965,,
stage,2000,Round of 32,13,Mexico,1929.0,0.9645,,
stage,2000,Round of 32,14,Uruguay,1928.0,0.964,,
stage,2000,Round of 32,15,Ecuador,1896.0,0.948,,
stage,2000,Round of 32,16,Türkiye,1857.0,0.9285,,
stage,2000,Round of 32,17,USA,1850.0,0.925,,
stage,2000,Round of 32,18,Czechia,1846.0,0.923,,
stage,2000,Round of 32,19,Norway,1719.0,0.8595,,
stage,2000,Round of 32,20,Scotland,1687.0,0.8435,,
stage,2000,Round of 32,21,Croatia,1655.0,0.8275,,
stage,2000,Round of 32,22,Morocco,1563.0,0.7815,,
stage,2000,Round of 32,23,Japan,1409.0,0.7045,,
stage,2000,Round of 32,24,Senegal,1351.0,0.6755,,
stage,2000,Round of 32,25,Tunisia,1314.0,0.657,,
stage,2000,Round of 32,26,Jordan,1275.0,0.6375,,
stage,2000,Round of 32,27,Panama,1208.0,0.604,,
stage,2000,Round of 32,28,New Zealand,1185.0,0.5925,,
stage,2000,Round of 32,29,IR Iran,1158.0,0.579,,
stage,2000,Round of 32,30,Korea Republic,1143.0,0.5715,,
stage,2000,Round of 32,31,Paraguay,1108.0,0.554,,
stage,2000,Round of 32,32,Côte d'Ivoire,1104.0,0.552,,
stage,2000,Round of 32,33,Egypt,1102.0,0.551,,
stage,2000,Round of 32,34,Bosnia and Herzegovina,1095.0,0.5475,,
stage,2000,Round of 32,35,Austria,1081.0,0.5405,,
stage,2000,Round of 32,36,Algeria,1069.0,0.5345,,
stage,2000,Round of 32,37,Sweden,869.0,0.4345,,
stage,2000,Round of 32,38,Congo DR,708.0,0.354,,
stage,2000,Round of 32,39,Australia,685.0,0.3425,,
stage,2000,Round of 32,40,Cape Verde Islands,539.0,0.2695,,
stage,2000,Round of 32,41,Ghana,520.0,0.26,,
stage,2000,Round of 32,42,South Africa,513.0,0.2565,,
stage,2000,Round of 32,43,Uzbekistan,451.0,0.2255,,
stage,2000,Round of 32,44,Saudi Arabia,417.0,0.2085,,
stage,2000,Round of 32,45,Qatar,338.0,0.169,,
stage,2000,Round of 32,46,Iraq,327.0,0.1635,,
stage,2000,Round of 32,47,Curaçao,305.0,0.1525,,
stage,2000,Round of 32,48,Haiti,268.0,0.134,,
stage,2000,Round of 16,1,Portugal,1815.0,0.9075,,
stage,2000,Round of 16,2,Germany,1766.0,0.883,,
stage,2000,Round of 16,3,Colombia,1654.0,0.827,,
stage,2000,Round of 16,4,Mexico,1647.0,0.8235,,
stage,2000,Round of 16,5,Türkiye,1576.0,0.788,,
stage,2000,Round of 16,6,USA,1519.0,0.7595,,
stage,2000,Round of 16,7,England,1501.0,0.7505,,
stage,2000,Round of 16,8,Argentina,1448.0,0.724,,
stage,2000,Round of 16,9,Belgium,1445.0,0.7225,,
stage,2000,Round of 16,10,Ecuador,1404.0,0.702,,
stage,2000,Round of 16,11,Switzerland,1399.0,0.6995,,
stage,2000,Round of 16,12,France,1330.0,0.665,,
stage,2000,Round of 16,13,Netherlands,1288.0,0.644,,
stage,2000,Round of 16,14,Czechia,1280.0,0.64,,
stage,2000,Round of 16,15,Brazil,1263.0,0.6315,,
stage,2000,Round of 16,16,Spain,1240.0,0.62,,
stage,2000,Round of 16,17,Uruguay,947.0,0.4735,,
stage,2000,Round of 16,18,Norway,737.0,0.3685,,
stage,2000,Round of 16,19,Korea Republic,735.0,0.3675,,
stage,2000,Round of 16,20,Scotland,665.0,0.3325,,
stage,2000,Round of 16,21,Canada,632.0,0.316,,
stage,2000,Round of 16,22,Côte d'Ivoire,553.0,0.2765,,
stage,2000,Round of 16,23,Paraguay,443.0,0.2215,,
stage,2000,Round of 16,24,Australia,352.0,0.176,,
stage,2000,Round of 16,25,Tunisia,347.0,0.1735,,
stage,2000,Round of 16,26,Croatia,333.0,0.1665,,
stage,2000,Round of 16,27,Panama,297.0,0.1485,,
stage,2000,Round of 16,28,New Zealand,286.0,0.143,,
stage,2000,Round of 16,29,Jordan,265.0,0.1325,,
stage,2000,Round of 16,30,Morocco,252.0,0.126,,
stage,2000,Round of 16,31,Japan,244.0,0.122,,
stage,2000,Round of 16,32,Uzbekistan,176.0,0.088,,
stage,2000,Round of 16,33,Senegal,136.0,0.068,,
stage,2000,Round of 16,34,IR Iran,124.0,0.062,,
stage,2000,Round of 16,35,Egypt,121.0,0.0605,,
stage,2000,Round of 16,36,Congo DR,118.0,0.059,,
stage,2000,Round of 16,37,South Africa,117.0,0.0585,,
stage,2000,Round of 16,38,Algeria,106.0,0.053,,
stage,2000,Round of 16,39,Austria,95.0,0.0475,,
stage,2000,Round of 16,40,Sweden,94.0,0.047,,
stage,2000,Round of 16,41,Bosnia and Herzegovina,65.0,0.0325,,
stage,2000,Round of 16,42,Curaçao,51.0,0.0255,,
stage,2000,Round of 16,43,Ghana,32.0,0.016,,
stage,2000,Round of 16,44,Iraq,27.0,0.0135,,
stage,2000,Round of 16,45,Saudi Arabia,26.0,0.013,,
stage,2000,Round of 16,46,Qatar,20.0,0.01,,
stage,2000,Round of 16,47,Haiti,18.0,0.009,,
stage,2000,Round of 16,48,Cape Verde Islands,11.0,0.0055,,
stage,2000,Quarterfinals,1,Mexico,1397.0,0.6985,,
stage,2000,Quarterfinals,2,Argentina,1382.0,0.691,,
stage,2000,Quarterfinals,3,Switzerland,1270.0,0.635,,
stage,2000,Quarterfinals,4,Brazil,1135.0,0.5675,,
stage,2000,Quarterfinals,5,Portugal,1060.0,0.53,,
stage,2000,Quarterfinals,6,Czechia,1028.0,0.514,,
stage,2000,Quarterfinals,7,Türkiye,999.0,0.4995,,
stage,2000,Quarterfinals,8,Germany,958.0,0.479,,
stage,2000,Quarterfinals,9,Ecuador,795.0,0.3975,,
stage,2000,Quarterfinals,10,USA,664.0,0.332,,
stage,2000,Quarterfinals,11,Korea Republic,606.0,0.303,,
stage,2000,Quarterfinals,12,Colombia,588.0,0.294,,
stage,2000,Quarterfinals,13,Scotland,539.0,0.2695,,
stage,2000,Quarterfinals,14,Canada,530.0,0.265,,
stage,2000,Quarterfinals,15,England,368.0,0.184,,
stage,2000,Quarterfinals,16,Spain,357.0,0.1785,,
stage,2000,Quarterfinals,17,Netherlands,282.0,0.141,,
stage,2000,Quarterfinals,18,France,221.0,0.1105,,
stage,2000,Quarterfinals,19,Jordan,207.0,0.1035,,
stage,2000,Quarterfinals,20,Morocco,184.0,0.092,,
stage,2000,Quarterfinals,21,Belgium,180.0,0.09,,
stage,2000,Quarterfinals,22,Paraguay,131.0,0.0655,,
stage,2000,Quarterfinals,23,Croatia,128.0,0.064,,
stage,2000,Quarterfinals,24,Uruguay,115.0,0.0575,,
stage,2000,Quarterfinals,25,Uzbekistan,110.0,0.055,,
stage,2000,Quarterfinals,26,Côte d'Ivoire,109.0,0.0545,,
stage,2000,Quarterfinals,27,Australia,81.0,0.0405,,
stage,2000,Quarterfinals,28,Algeria,73.0,0.0365,,
stage,2000,Quarterfinals,29,Congo DR,65.0,0.0325,,
stage,2000,Quarterfinals,30,Austria,64.0,0.032,,
stage,2000,Quarterfinals,31,South Africa,64.0,0.032,,
stage,2000,Quarterfinals,32,Japan,49.0,0.0245,,
stage,2000,Quarterfinals,33,Norway,48.0,0.024,,
stage,2000,Quarterfinals,34,Bosnia and Herzegovina,41.0,0.0205,,
stage,2000,Quarterfinals,35,Panama,26.0,0.013,,
stage,2000,Quarterfinals,36,Sweden,23.0,0.0115,,
stage,2000,Quarterfinals,37,Senegal,22.0,0.011,,
stage,2000,Quarterfinals,38,Tunisia,21.0,0.0105,,
stage,2000,Quarterfinals,39,Qatar,15.0,0.0075,,
stage,2000,Quarterfinals,40,New Zealand,13.0,0.0065,,
stage,2000,Quarterfinals,41,IR Iran,12.0,0.006,,
stage,2000,Quarterfinals,42,Haiti,10.0,0.005,,
stage,2000,Quarterfinals,43,Egypt,8.0,0.004,,
stage,2000,Quarterfinals,44,Saudi Arabia,8.0,0.004,,
stage,2000,Quarterfinals,45,Ghana,5.0,0.0025,,
stage,2000,Quarterfinals,46,Curaçao,4.0,0.002,,
stage,2000,Quarterfinals,47,Cape Verde Islands,3.0,0.0015,,
stage,2000,Quarterfinals,48,Iraq,2.0,0.001,,
stage,2000,Semifinals,1,Argentina,1342.0,0.671,,
stage,2000,Semifinals,2,Brazil,1082.0,0.541,,
stage,2000,Semifinals,3,Portugal,916.0,0.458,,
stage,2000,Semifinals,4,Germany,910.0,0.455,,
stage,2000,Semifinals,5,Ecuador,727.0,0.3635,,
stage,2000,Semifinals,6,Scotland,473.0,0.2365,,
stage,2000,Semifinals,7,Colombia,470.0,0.235,,
stage,2000,Semifinals,8,Spain,342.0,0.171,,
stage,2000,Semifinals,9,France,213.0,0.1065,,
stage,2000,Semifinals,10,Jordan,165.0,0.0825,,
stage,2000,Semifinals,11,Morocco,132.0,0.066,,
stage,2000,Semifinals,12,England,108.0,0.054,,
stage,2000,Semifinals,13,Uruguay,96.0,0.048,,
stage,2000,Semifinals,14,Côte d'Ivoire,89.0,0.0445,,
stage,2000,Semifinals,15,Uzbekistan,87.0,0.0435,,
stage,2000,Semifinals,16,Croatia,86.0,0.043,,
stage,2000,Semifinals,17,Türkiye,77.0,0.0385,,
stage,2000,Semifinals,18,USA,66.0,0.033,,
stage,2000,Semifinals,19,Netherlands,64.0,0.032,,
stage,2000,Semifinals,20,Algeria,62.0,0.031,,
stage,2000,Semifinals,21,Mexico,60.0,0.03,,
stage,2000,Semifinals,22,Congo DR,55.0,0.0275,,
stage,2000,Semifinals,23,Switzerland,54.0,0.027,,
stage,2000,Semifinals,24,Austria,46.0,0.023,,
stage,2000,Semifinals,25,Norway,43.0,0.0215,,
stage,2000,Semifinals,26,Czechia,43.0,0.0215,,
stage,2000,Semifinals,27,Paraguay,35.0,0.0175,,
stage,2000,Semifinals,28,Japan,29.0,0.0145,,
stage,2000,Semifinals,29,Korea Republic,23.0,0.0115,,
stage,2000,Semifinals,30,Belgium,19.0,0.0095,,
stage,2000,Semifinals,31,Australia,16.0,0.008,,
stage,2000,Semifinals,32,Canada,14.0,0.007,,
stage,2000,Semifinals,33,Panama,12.0,0.006,,
stage,2000,Semifinals,34,Haiti,9.0,0.0045,,
stage,2000,Semifinals,35,Sweden,8.0,0.004,,
stage,2000,Semifinals,36,Senegal,7.0,0.0035,,
stage,2000,Semifinals,37,Tunisia,5.0,0.0025,,
stage,2000,Semifinals,38,Saudi Arabia,5.0,0.0025,,
stage,2000,Semifinals,39,Ghana,3.0,0.0015,,
stage,2000,Semifinals,40,Cape Verde Islands,2.0,0.001,,
stage,2000,Semifinals,41,Curaçao,1.0,0.0005,,
stage,2000,Semifinals,42,Qatar,1.0,0.0005,,
stage,2000,Semifinals,43,Egypt,1.0,0.0005,,
stage,2000,Semifinals,44,IR Iran,1.0,0.0005,,
stage,2000,Semifinals,45,Iraq,1.0,0.0005,,
stage,2000,Final,1,Brazil,1006.0,0.503,,
stage,2000,Final,2,Germany,853.0,0.4265,,
stage,2000,Final,3,Ecuador,614.0,0.307,,
stage,2000,Final,4,Scotland,373.0,0.1865,,
stage,2000,Final,5,France,204.0,0.102,,
stage,2000,Final,6,Argentina,188.0,0.094,,
stage,2000,Final,7,Morocco,116.0,0.058,,
stage,2000,Final,8,Portugal,108.0,0.054,,
stage,2000,Final,9,Côte d'Ivoire,71.0,0.0355,,
stage,2000,Final,10,Spain,68.0,0.034,,
stage,2000,Final,11,Netherlands,61.0,0.0305,,
stage,2000,Final,12,Mexico,49.0,0.0245,,
stage,2000,Final,13,England,44.0,0.022,,
stage,2000,Final,14,Colombia,40.0,0.02,,
stage,2000,Final,15,Norway,36.0,0.018,,
stage,2000,Final,16,Czechia,31.0,0.0155,,
stage,2000,Final,17,Japan,23.0,0.0115,,
stage,2000,Final,18,Korea Republic,19.0,0.0095,,
stage,2000,Final,19,Paraguay,13.0,0.0065,,
stage,2000,Final,20,Türkiye,13.0,0.0065,,
stage,2000,Final,21,Croatia,9.0,0.0045,,
stage,2000,Final,22,Uruguay,8.0,0.004,,
stage,2000,Final,23,Haiti,7.0,0.0035,,
stage,2000,Final,24,Sweden,6.0,0.003,,
stage,2000,Final,25,USA,6.0,0.003,,
stage,2000,Final,26,Jordan,5.0,0.0025,,
stage,2000,Final,27,Switzerland,5.0,0.0025,,
stage,2000,Final,28,Senegal,4.0,0.002,,
stage,2000,Final,29,Canada,4.0,0.002,,
stage,2000,Final,30,Australia,4.0,0.002,,
stage,2000,Final,31,Austria,3.0,0.0015,,
stage,2000,Final,32,Tunisia,3.0,0.0015,,
stage,2000,Final,33,Belgium,1.0,0.0005,,
stage,2000,Final,34,Congo DR,1.0,0.0005,,
stage,2000,Final,35,Algeria,1.0,0.0005,,
stage,2000,Final,36,Panama,1.0,0.0005,,
stage,2000,Final,37,Uzbekistan,1.0,0.0005,,
stage,2000,Final,38,Iraq,1.0,0.0005,,
pair,2000,Round of 32,1,Argentina | Spain,,0.4205,841.0,
pair,2000,Round of 32,2,Argentina | Uruguay,,0.401,802.0,
pair,2000,Round of 32,3,Croatia | Portugal,,0.367,734.0,
pair,2000,Round of 32,4,Brazil | Netherlands,,0.336,672.0,
pair,2000,Round of 32,5,Netherlands | Scotland,,0.3305,661.0,
pair,2000,Round of 32,6,Colombia | Croatia,,0.294,588.0,
pair,2000,Round of 32,7,Brazil | Tunisia,,0.2255,451.0,
pair,2000,Round of 32,8,Bosnia and Herzegovina | Türkiye,,0.222,444.0,
pair,2000,Round of 32,9,Brazil | Japan,,0.221,442.0,
pair,2000,Round of 32,10,Congo DR | England,,0.2185,437.0,
pair,2000,Round of 32,11,Panama | Portugal,,0.2135,427.0,
pair,2000,Round of 32,12,Canada | Mexico,,0.213,426.0,
pair,2000,Round of 32,13,Colombia | Panama,,0.212,424.0,
pair,2000,Round of 32,14,Jordan | Spain,,0.2035,407.0,
pair,2000,Round of 32,15,Canada | Korea Republic,,0.186,372.0,
pair,2000,Round of 32,16,Jordan | Uruguay,,0.1805,361.0,
pair,2000,Round of 32,17,Morocco | Netherlands,,0.18,360.0,
pair,2000,Round of 32,18,Austria | Spain,,0.1765,353.0,
pair,2000,Round of 32,19,Scotland | Tunisia,,0.1765,353.0,
pair,2000,Round of 32,20,Germany | Norway,,0.175,350.0,
pair,2000,Round of 32,21,Algeria | Spain,,0.1725,345.0,
pair,2000,Round of 32,22,Belgium | Czechia,,0.166,332.0,
pair,2000,Round of 32,23,Canada | Czechia,,0.165,330.0,
pair,2000,Round of 32,24,France | Japan,,0.165,330.0,
pair,2000,Round of 32,25,England | Portugal,,0.158,316.0,
pair,2000,Round of 32,26,Bosnia and Herzegovina | USA,,0.1535,307.0,
pair,2000,Round of 32,27,Colombia | England,,0.152,304.0,
pair,2000,Round of 32,28,England | Senegal,,0.15,300.0,
pair,2000,Round of 32,29,Austria | Uruguay,,0.1425,285.0,
pair,2000,Round of 32,30,Belgium | Korea Republic,,0.1365,273.0,
pair,2000,Round of 32,31,Egypt | Switzerland,,0.136,272.0,
pair,2000,Round of 32,32,Algeria | Uruguay,,0.1345,269.0,
pair,2000,Round of 32,33,France | Germany,,0.134,268.0,
pair,2000,Round of 32,34,Japan | Scotland,,0.1305,261.0,
pair,2000,Round of 32,35,IR Iran | USA,,0.13,260.0,
pair,2000,Round of 32,36,Belgium | South Africa,,0.1265,253.0,
pair,2000,Round of 32,37,Brazil | Sweden,,0.126,252.0,
pair,2000,Round of 32,38,IR Iran | Switzerland,,0.1255,251.0,
pair,2000,Round of 32,39,Egypt | USA,,0.124,248.0,
pair,2000,Round of 32,40,Germany | Morocco,,0.124,248.0,
pair,2000,Round of 32,41,Colombia | Ghana,,0.1195,239.0,
pair,2000,Round of 32,42,New Zealand | Switzerland,,0.1185,237.0,
pair,2000,Round of 32,43,Ecuador | Morocco,,0.1145,229.0,
pair,2000,Round of 32,44,Ecuador | Paraguay,,0.114,228.0,
pair,2000,Round of 32,45,Germany | Paraguay,,0.1125,225.0,
pair,2000,Round of 32,46,France | Sweden,,0.112,224.0,
pair,2000,Round of 32,47,Ghana | Portugal,,0.1105,221.0,
pair,2000,Round of 32,48,Ecuador | Norway,,0.1085,217.0,
pair,2000,Round of 32,49,Côte d'Ivoire | Norway,,0.105,210.0,
pair,2000,Round of 32,50,England | Uzbekistan,,0.1005,201.0,
pair,2000,Round of 32,51,Mexico | Morocco,,0.0975,195.0,
pair,2000,Round of 32,52,Germany | Senegal,,0.0935,187.0,
pair,2000,Round of 32,53,France | Tunisia,,0.0925,185.0,
pair,2000,Round of 32,54,Czechia | Morocco,,0.0925,185.0,
pair,2000,Round of 32,55,Belgium | USA,,0.091,182.0,
pair,2000,Round of 32,56,New Zealand | USA,,0.091,182.0,
pair,2000,Round of 32,57,Japan | Norway,,0.0905,181.0,
pair,2000,Round of 32,58,Mexico | Switzerland,,0.09,180.0,
pair,2000,Round of 32,59,Argentina | Saudi Arabia,,0.0875,175.0,
pair,2000,Round of 32,60,IR Iran | Türkiye,,0.087,174.0,
pair,2000,Round of 32,61,Côte d'Ivoire | France,,0.087,174.0,
pair,2000,Round of 32,62,Ecuador | France,,0.0865,173.0,
pair,2000,Round of 32,63,Algeria | Switzerland,,0.0795,159.0,
pair,2000,Round of 32,64,Morocco | Tunisia,,0.076,152.0,
pair,2000,Round of 16,1,Belgium | Türkiye,,0.362,724.0,
pair,2000,Round of 16,2,Colombia | Switzerland,,0.3595,719.0,
pair,2000,Round of 16,3,England | Mexico,,0.321,642.0,
pair,2000,Round of 16,4,Argentina | USA,,0.293,586.0,
pair,2000,Round of 16,5,France | Germany,,0.2745,549.0,
pair,2000,Round of 16,6,Czechia | England,,0.2655,531.0,
pair,2000,Round of 16,7,Ecuador | France,,0.2655,531.0,
pair,2000,Round of 16,8,Portugal | Switzerland,,0.265,530.0,
pair,2000,Round of 16,9,Portugal | Spain,,0.256,512.0,
pair,2000,Round of 16,10,Brazil | Germany,,0.245,490.0,
pair,2000,Round of 16,11,Belgium | USA,,0.2445,489.0,
pair,2000,Round of 16,12,Portugal | Uruguay,,0.2315,463.0,
pair,2000,Round of 16,13,Mexico | Netherlands,,0.223,446.0,
pair,2000,Round of 16,14,Argentina | Türkiye,,0.1685,337.0,
pair,2000,Round of 16,15,Korea Republic | Netherlands,,0.168,336.0,
pair,2000,Round of 16,16,Colombia | Spain,,0.1575,315.0,
pair,2000,Round of 16,17,Germany | Norway,,0.1565,313.0,
pair,2000,Round of 16,18,Czechia | Netherlands,,0.1505,301.0,
pair,2000,Round of 16,19,Canada | Colombia,,0.148,296.0,
pair,2000,Round of 16,20,Brazil | Ecuador,,0.1465,293.0,
pair,2000,Round of 16,21,Ecuador | Norway,,0.145,290.0,
pair,2000,Round of 16,22,Brazil | Côte d'Ivoire,,0.1215,243.0,
pair,2000,Round of 16,23,Germany | Scotland,,0.1195,239.0,
pair,2000,Round of 16,24,Colombia | Uruguay,,0.111,222.0,
pair,2000,Round of 16,25,Argentina | Paraguay,,0.109,218.0,
pair,2000,Round of 16,26,Canada | Portugal,,0.102,204.0,
pair,2000,Round of 16,27,Argentina | Australia,,0.1,200.0,
pair,2000,Round of 16,28,New Zealand | Türkiye,,0.081,162.0,
pair,2000,Round of 16,29,Côte d'Ivoire | Scotland,,0.073,146.0,
pair,2000,Round of 16,30,Ecuador | Scotland,,0.0725,145.0,
pair,2000,Round of 16,31,Mexico | Tunisia,,0.0605,121.0,
pair,2000,Round of 16,32,Mexico | Panama,,0.0605,121.0,
pair,2000,Round of 16,33,Czechia | Panama,,0.055,110.0,
pair,2000,Round of 16,34,Jordan | USA,,0.0545,109.0,
pair,2000,Round of 16,35,Croatia | Mexico,,0.0505,101.0,
pair,2000,Round of 16,36,England | Korea Republic,,0.0485,97.0,
pair,2000,Round of 16,37,Korea Republic | Tunisia,,0.044,88.0,
pair,2000,Round of 16,38,Czechia | Tunisia,,0.042,84.0,
pair,2000,Round of 16,39,New Zealand | USA,,0.041,82.0,
pair,2000,Round of 16,40,Croatia | Czechia,,0.0395,79.0,
pair,2000,Round of 16,41,Brazil | France,,0.0375,75.0,
pair,2000,Round of 16,42,Spain | Uzbekistan,,0.0375,75.0,
pair,2000,Round of 16,43,Belgium | Paraguay,,0.0375,75.0,
pair,2000,Round of 16,44,Japan | Mexico,,0.037,74.0,
pair,2000,Round of 16,45,Spain | USA,,0.035,70.0,
pair,2000,Round of 16,46,Jordan | Türkiye,,0.033,66.0,
pair,2000,Round of 16,47,Uruguay | Uzbekistan,,0.0305,61.0,
pair,2000,Round of 16,48,Netherlands | South Africa,,0.0285,57.0,
pair,2000,Round of 16,49,Egypt | Türkiye,,0.0285,57.0,
pair,2000,Round of 16,50,Congo DR | Spain,,0.027,54.0,
pair,2000,Round of 16,51,Japan | Korea Republic,,0.0265,53.0,
pair,2000,Round of 16,52,IR Iran | Türkiye,,0.026,52.0,
pair,2000,Round of 16,53,Canada | Netherlands,,0.0255,51.0,
pair,2000,Round of 16,54,Croatia | Spain,,0.0255,51.0,
pair,2000,Round of 16,55,England | Uruguay,,0.0255,51.0,
pair,2000,Round of 16,56,Australia | Belgium,,0.025,50.0,
pair,2000,Round of 16,57,Côte d'Ivoire | France,,0.0245,49.0,
pair,2000,Round of 16,58,England | Spain,,0.023,46.0,
pair,2000,Round of 16,59,Czechia | Japan,,0.0215,43.0,
pair,2000,Round of 16,60,Spain | Türkiye,,0.021,42.0,
pair,2000,Round of 16,61,Germany | Morocco,,0.0195,39.0,
pair,2000,Round of 16,62,France | Morocco,,0.019,38.0,
pair,2000,Round of 16,63,Croatia | Uruguay,,0.0185,37.0,
pair,2000,Round of 16,64,Netherlands | Switzerland,,0.0185,37.0,
pair,2000,Quarterfinals,1,Argentina | Switzerland,,0.421,842.0,
pair,2000,Quarterfinals,2,Brazil | Mexico,,0.225,450.0,
pair,2000,Quarterfinals,3,Portugal | Türkiye,,0.224,448.0,
pair,2000,Quarterfinals,4,Brazil | Czechia,,0.163,326.0,
pair,2000,Quarterfinals,5,Germany | Mexico,,0.1585,317.0,
pair,2000,Quarterfinals,6,Portugal | USA,,0.1525,305.0,
pair,2000,Quarterfinals,7,Argentina | Canada,,0.1525,305.0,
pair,2000,Quarterfinals,8,Ecuador | Mexico,,0.118,236.0,
pair,2000,Quarterfinals,9,Colombia | Türkiye,,0.1155,231.0,
pair,2000,Quarterfinals,10,Germany | Korea Republic,,0.1075,215.0,
pair,2000,Quarterfinals,11,Czechia | Germany,,0.1025,205.0,
pair,2000,Quarterfinals,12,Mexico | Scotland,,0.0965,193.0,
pair,2000,Quarterfinals,13,Ecuador | Korea Republic,,0.095,190.0,
pair,2000,Quarterfinals,14,Czechia | Scotland,,0.0825,165.0,
pair,2000,Quarterfinals,15,Brazil | England,,0.082,164.0,
pair,2000,Quarterfinals,16,Czechia | Ecuador,,0.0785,157.0,
pair,2000,Quarterfinals,17,Colombia | USA,,0.0725,145.0,
pair,2000,Quarterfinals,18,Jordan | Switzerland,,0.0585,117.0,
pair,2000,Quarterfinals,19,Spain | Switzerland,,0.0495,99.0,
pair,2000,Quarterfinals,20,Germany | Netherlands,,0.0475,95.0,
pair,2000,Quarterfinals,21,Ecuador | Netherlands,,0.046,92.0,
pair,2000,Quarterfinals,22,Spain | Türkiye,,0.045,90.0,
pair,2000,Quarterfinals,23,Argentina | Portugal,,0.041,82.0,
pair,2000,Quarterfinals,24,Argentina | Colombia,,0.04,80.0,
pair,2000,Quarterfinals,25,Belgium | Portugal,,0.039,78.0,
pair,2000,Quarterfinals,26,England | Scotland,,0.0355,71.0,
pair,2000,Quarterfinals,27,Brazil | Korea Republic,,0.034,68.0,
pair,2000,Quarterfinals,28,France | Mexico,,0.031,62.0,
pair,2000,Quarterfinals,29,Spain | USA,,0.0305,61.0,
pair,2000,Quarterfinals,30,Türkiye | Uzbekistan,,0.026,52.0,
pair,2000,Quarterfinals,31,Czechia | France,,0.025,50.0,
pair,2000,Quarterfinals,32,Paraguay | Portugal,,0.0245,49.0,
pair,2000,Quarterfinals,33,Canada | Jordan,,0.024,48.0,
pair,2000,Quarterfinals,34,Mexico | Morocco,,0.023,46.0,
pair,2000,Quarterfinals,35,Czechia | Morocco,,0.022,44.0,
pair,2000,Quarterfinals,36,France | Korea Republic,,0.021,42.0,
pair,2000,Quarterfinals,37,England | Türkiye,,0.021,42.0,
pair,2000,Quarterfinals,38,Algeria | Switzerland,,0.0195,39.0,
pair,2000,Quarterfinals,39,Croatia | Türkiye,,0.0195,39.0,
pair,2000,Quarterfinals,40,Canada | Spain,,0.019,38.0,
pair,2000,Quarterfinals,41,USA | Uzbekistan,,0.018,36.0,
pair,2000,Quarterfinals,42,Congo DR | Türkiye,,0.017,34.0,
pair,2000,Quarterfinals,43,Belgium | Colombia,,0.016,32.0,
pair,2000,Quarterfinals,44,Switzerland | Uruguay,,0.016,32.0,
pair,2000,Quarterfinals,45,Korea Republic | Scotland,,0.0155,31.0,
pair,2000,Quarterfinals,46,Canada | Ecuador,,0.0155,31.0,
pair,2000,Quarterfinals,47,Côte d'Ivoire | Mexico,,0.015,30.0,
pair,2000,Quarterfinals,48,Austria | Switzerland,,0.0145,29.0,
pair,2000,Quarterfinals,49,France | Netherlands,,0.0145,29.0,
pair,2000,Quarterfinals,50,Croatia | USA,,0.014,28.0,
pair,2000,Quarterfinals,51,Canada | Germany,,0.0135,27.0,
pair,2000,Quarterfinals,52,Germany | South Africa,,0.013,26.0,
pair,2000,Quarterfinals,53,Australia | Portugal,,0.013,26.0,
pair,2000,Quarterfinals,54,Brazil | Morocco,,0.0125,25.0,
pair,2000,Quarterfinals,55,Switzerland | USA,,0.012,24.0,
pair,2000,Quarterfinals,56,Colombia | Paraguay,,0.012,24.0,
pair,2000,Quarterfinals,57,Ecuador | South Africa,,0.011,22.0,
pair,2000,Quarterfinals,58,Côte d'Ivoire | Korea Republic,,0.0105,21.0,
pair,2000,Quarterfinals,59,Australia | Colombia,,0.0105,21.0,
pair,2000,Quarterfinals,60,England | Morocco,,0.01,20.0,
pair,2000,Quarterfinals,61,Belgium | Spain,,0.01,20.0,
pair,2000,Quarterfinals,62,Türkiye | Uruguay,,0.0095,19.0,
pair,2000,Quarterfinals,63,Morocco | Scotland,,0.0095,19.0,
pair,2000,Quarterfinals,64,Brazil | Croatia,,0.009,18.0,
pair,2000,Semifinals,1,Argentina | Brazil,,0.353,706.0,
pair,2000,Semifinals,2,Germany | Portugal,,0.1895,379.0,
pair,2000,Semifinals,3,Argentina | Scotland,,0.1615,323.0,
pair,2000,Semifinals,4,Ecuador | Portugal,,0.1545,309.0,
pair,2000,Semifinals,5,Colombia | Germany,,0.0945,189.0,
pair,2000,Semifinals,6,Colombia | Ecuador,,0.0815,163.0,
pair,2000,Semifinals,7,Germany | Spain,,0.0465,93.0,
pair,2000,Semifinals,8,Brazil | Spain,,0.046,92.0,
pair,2000,Semifinals,9,France | Portugal,,0.0445,89.0,
pair,2000,Semifinals,10,Brazil | Jordan,,0.044,88.0,
pair,2000,Semifinals,11,Argentina | Morocco,,0.0365,73.0,
pair,2000,Semifinals,12,Ecuador | Spain,,0.0345,69.0,
pair,2000,Semifinals,13,Argentina | Germany,,0.0235,47.0,
pair,2000,Semifinals,14,Jordan | Scotland,,0.0235,47.0,
pair,2000,Semifinals,15,Croatia | Germany,,0.02,40.0,
pair,2000,Semifinals,16,Colombia | France,,0.02,40.0,
pair,2000,Semifinals,17,Germany | Uzbekistan,,0.0165,33.0,
pair,2000,Semifinals,18,Algeria | Brazil,,0.016,32.0,
pair,2000,Semifinals,19,Argentina | Netherlands,,0.016,32.0,
pair,2000,Semifinals,20,Côte d'Ivoire | Portugal,,0.0155,31.0,
pair,2000,Semifinals,21,Ecuador | Uzbekistan,,0.0145,29.0,
pair,2000,Semifinals,22,Brazil | Uruguay,,0.0145,29.0,
pair,2000,Semifinals,23,England | Germany,,0.014,28.0,
pair,2000,Semifinals,24,Brazil | Switzerland,,0.014,28.0,
pair,2000,Semifinals,25,Argentina | Ecuador,,0.014,28.0,
pair,2000,Semifinals,26,Ecuador | England,,0.014,28.0,
pair,2000,Semifinals,27,Scotland | Spain,,0.0135,27.0,
pair,2000,Semifinals,28,Congo DR | Germany,,0.0125,25.0,
pair,2000,Semifinals,29,Croatia | Ecuador,,0.012,24.0,
pair,2000,Semifinals,30,Argentina | England,,0.0115,23.0,
pair,2000,Semifinals,31,Brazil | USA,,0.0105,21.0,
pair,2000,Semifinals,32,Austria | Brazil,,0.0105,21.0,
pair,2000,Semifinals,33,Argentina | Czechia,,0.01,20.0,
pair,2000,Semifinals,34,Ecuador | Türkiye,,0.01,20.0,
pair,2000,Semifinals,35,Norway | Portugal,,0.0095,19.0,
pair,2000,Semifinals,36,Argentina | Mexico,,0.0095,19.0,
pair,2000,Semifinals,37,Germany | Uruguay,,0.0095,19.0,
pair,2000,Semifinals,38,Argentina | France,,0.009,18.0,
pair,2000,Semifinals,39,Germany | Türkiye,,0.009,18.0,
pair,2000,Semifinals,40,Scotland | Uruguay,,0.0085,17.0,
pair,2000,Semifinals,41,Congo DR | Ecuador,,0.008,16.0,
pair,2000,Semifinals,42,Ecuador | Uruguay,,0.008,16.0,
pair,2000,Semifinals,43,Argentina | Côte d'Ivoire,,0.008,16.0,
pair,2000,Semifinals,44,Brazil | Türkiye,,0.007,14.0,
pair,2000,Semifinals,45,Morocco | Portugal,,0.0065,13.0,
pair,2000,Semifinals,46,Argentina | Japan,,0.0065,13.0,
pair,2000,Semifinals,47,Scotland | Switzerland,,0.0065,13.0,
pair,2000,Semifinals,48,Mexico | Portugal,,0.0065,13.0,
pair,2000,Semifinals,49,Brazil | Portugal,,0.006,12.0,
pair,2000,Semifinals,50,Algeria | Scotland,,0.0055,11.0,
pair,2000,Semifinals,51,Colombia | Côte d'Ivoire,,0.0055,11.0,
pair,2000,Semifinals,52,Austria | Scotland,,0.0055,11.0,
pair,2000,Semifinals,53,France | Spain,,0.0055,11.0,
pair,2000,Semifinals,54,Scotland | USA,,0.0055,11.0,
pair,2000,Semifinals,55,Germany | USA,,0.005,10.0,
pair,2000,Semifinals,56,Croatia | France,,0.005,10.0,
pair,2000,Semifinals,57,France | Uzbekistan,,0.005,10.0,
pair,2000,Semifinals,58,Colombia | Mexico,,0.005,10.0,
pair,2000,Semifinals,59,Belgium | Germany,,0.0045,9.0,
pair,2000,Semifinals,60,England | France,,0.0045,9.0,
pair,2000,Semifinals,61,Côte d'Ivoire | Spain,,0.0045,9.0,
pair,2000,Semifinals,62,Netherlands | Portugal,,0.004,8.0,
pair,2000,Semifinals,63,Paraguay | Portugal,,0.004,8.0,
pair,2000,Semifinals,64,Korea Republic | Portugal,,0.004,8.0,
pair,2000,Final,1,Brazil | Germany,,0.193,386.0,
pair,2000,Final,2,Brazil | Ecuador,,0.147,294.0,
pair,2000,Final,3,Germany | Scotland,,0.0725,145.0,
pair,2000,Final,4,Ecuador | Scotland,,0.056,112.0,
pair,2000,Final,5,Brazil | France,,0.0455,91.0,
pair,2000,Final,6,Argentina | Germany,,0.043,86.0,
pair,2000,Final,7,Brazil | Portugal,,0.0295,59.0,
pair,2000,Final,8,Ecuador | Germany,,0.0295,59.0,
pair,2000,Final,9,Argentina | Ecuador,,0.0265,53.0,
pair,2000,Final,10,Germany | Morocco,,0.02,40.0,
pair,2000,Final,11,France | Scotland,,0.0175,35.0,
pair,2000,Final,12,Ecuador | Morocco,,0.014,28.0,
pair,2000,Final,13,Brazil | Côte d'Ivoire,,0.014,28.0,
pair,2000,Final,14,Portugal | Scotland,,0.011,22.0,
pair,2000,Final,15,Brazil | Norway,,0.009,18.0,
pair,2000,Final,16,Brazil | Colombia,,0.009,18.0,
pair,2000,Final,17,Germany | Spain,,0.009,18.0,
pair,2000,Final,18,Germany | Netherlands,,0.0085,17.0,
pair,2000,Final,19,England | Germany,,0.008,16.0,
pair,2000,Final,20,Brazil | Spain,,0.008,16.0,
pair,2000,Final,21,Brazil | Netherlands,,0.0075,15.0,
pair,2000,Final,22,Brazil | Morocco,,0.0075,15.0,
pair,2000,Final,23,France | Germany,,0.0075,15.0,
pair,2000,Final,24,Germany | Mexico,,0.0075,15.0,
pair,2000,Final,25,Argentina | France,,0.0075,15.0,
pair,2000,Final,26,Côte d'Ivoire | Germany,,0.006,12.0,
pair,2000,Final,27,Ecuador | France,,0.006,12.0,
pair,2000,Final,28,Ecuador | Netherlands,,0.0055,11.0,
pair,2000,Final,29,France | Morocco,,0.005,10.0,
pair,2000,Final,30,Côte d'Ivoire | Scotland,,0.0045,9.0,
pair,2000,Final,31,Czechia | Germany,,0.0045,9.0,
pair,2000,Final,32,Germany | Japan,,0.0045,9.0,
pair,2000,Final,33,Ecuador | Spain,,0.004,8.0,
pair,2000,Final,34,Brazil | Mexico,,0.004,8.0,
pair,2000,Final,35,Brazil | Korea Republic,,0.004,8.0,
pair,2000,Final,36,Colombia | Scotland,,0.0035,7.0,
pair,2000,Final,37,Scotland | Spain,,0.0035,7.0,
pair,2000,Final,38,Ecuador | Mexico,,0.0035,7.0,
pair,2000,Final,39,Argentina | Spain,,0.0035,7.0,
pair,2000,Final,40,Ecuador | England,,0.003,6.0,
pair,2000,Final,41,Argentina | Portugal,,0.003,6.0,
pair,2000,Final,42,Brazil | England,,0.003,6.0,
pair,2000,Final,43,Brazil | Czechia,,0.003,6.0,
pair,2000,Final,44,Brazil | Paraguay,,0.0025,5.0,
pair,2000,Final,45,Paraguay | Scotland,,0.0025,5.0,
pair,2000,Final,46,Morocco | Portugal,,0.0025,5.0,
pair,2000,Final,47,France | Netherlands,,0.0025,5.0,
pair,2000,Final,48,Mexico | Scotland,,0.0025,5.0,
pair,2000,Final,49,Czechia | Ecuador,,0.0025,5.0,
pair,2000,Final,50,Côte d'Ivoire | France,,0.0025,5.0,
pair,2000,Final,51,Argentina | Norway,,0.0025,5.0,
pair,2000,Final,52,Norway | Scotland,,0.0025,5.0,
pair,2000,Final,53,Ecuador | Japan,,0.0025,5.0,
pair,2000,Final,54,Germany | Sweden,,0.002,4.0,
pair,2000,Final,55,Argentina | Côte d'Ivoire,,0.002,4.0,
pair,2000,Final,56,Brazil | Türkiye,,0.002,4.0,
pair,2000,Final,57,Brazil | Croatia,,0.002,4.0,
pair,2000,Final,58,Brazil | Scotland,,0.002,4.0,
pair,2000,Final,59,Germany | Korea Republic,,0.0015,3.0,
pair,2000,Final,60,Brazil | Senegal,,0.0015,3.0,
pair,2000,Final,61,Austria | Ecuador,,0.0015,3.0,
pair,2000,Final,62,Czechia | France,,0.0015,3.0,
pair,2000,Final,63,Côte d'Ivoire | Portugal,,0.0015,3.0,
pair,2000,Final,64,Korea Republic | Scotland,,0.0015,3.0,
finalist,2000,Final,1,Brazil,,0.503,,1006.0
finalist,2000,Final,2,Germany,,0.4265,,853.0
finalist,2000,Final,3,Ecuador,,0.307,,614.0
finalist,2000,Final,4,Scotland,,0.1865,,373.0
finalist,2000,Final,5,France,,0.102,,204.0
finalist,2000,Final,6,Argentina,,0.094,,188.0
finalist,2000,Final,7,Morocco,,0.058,,116.0
finalist,2000,Final,8,Portugal,,0.054,,108.0
finalist,2000,Final,9,Côte d'Ivoire,,0.0355,,71.0
finalist,2000,Final,10,Spain,,0.034,,68.0
finalist,2000,Final,11,Netherlands,,0.0305,,61.0
finalist,2000,Final,12,Mexico,,0.0245,,49.0
finalist,2000,Final,13,England,,0.022,,44.0
finalist,2000,Final,14,Colombia,,0.02,,40.0
finalist,2000,Final,15,Norway,,0.018,,36.0
finalist,2000,Final,16,Czechia,,0.0155,,31.0
stage,5000,Round of 32,1,Spain,4978.0,0.9956,,
stage,5000,Round of 32,2,Germany,4950.0,0.99,,
stage,5000,Round of 32,3,Portugal,4931.0,0.9862,,
stage,5000,Round of 32,4,France,4929.0,0.9858,,
stage,5000,Round of 32,5,Brazil,4928.0,0.9856,,
stage,5000,Round of 32,6,Argentina,4917.0,0.9834,,
stage,5000,Round of 32,7,England,4908.0,0.9816,,
stage,5000,Round of 32,8,Belgium,4896.0,0.9792,,
stage,5000,Round of 32,9,Switzerland,4870.0,0.974,,
stage,5000,Round of 32,10,Canada,4851.0,0.9702,,
stage,5000,Round of 32,11,Mexico,4841.0,0.9682,,
stage,5000,Round of 32,12,Colombia,4841.0,0.9682,,
stage,5000,Round of 32,13,Uruguay,4827.0,0.9654,,
stage,5000,Round of 32,14,Netherlands,4805.0,0.961,,
stage,5000,Round of 32,15,Ecuador,4758.0,0.9516,,
stage,5000,Round of 32,16,Türkiye,4661.0,0.9322,,
stage,5000,Round of 32,17,USA,4624.0,0.9248,,
stage,5000,Round of 32,18,Czechia,4611.0,0.9222,,
stage,5000,Round of 32,19,Norway,4316.0,0.8632,,
stage,5000,Round of 32,20,Scotland,4213.0,0.8426,,
stage,5000,Round of 32,21,Croatia,4144.0,0.8288,,
stage,5000,Round of 32,22,Morocco,3868.0,0.7736,,
stage,5000,Round of 32,23,Japan,3522.0,0.7044,,
stage,5000,Round of 32,24,Senegal,3397.0,0.6794,,
stage,5000,Round of 32,25,Tunisia,3273.0,0.6546,,
stage,5000,Round of 32,26,Jordan,3221.0,0.6442,,
stage,5000,Round of 32,27,New Zealand,3054.0,0.6108,,
stage,5000,Round of 32,28,Panama,3052.0,0.6104,,
stage,5000,Round of 32,29,IR Iran,2892.0,0.5784,,
stage,5000,Round of 32,30,Korea Republic,2847.0,0.5694,,
stage,5000,Round of 32,31,Paraguay,2758.0,0.5516,,
stage,5000,Round of 32,32,Bosnia and Herzegovina,2757.0,0.5514,,
stage,5000,Round of 32,33,Côte d'Ivoire,2748.0,0.5496,,
stage,5000,Round of 32,34,Egypt,2696.0,0.5392,,
stage,5000,Round of 32,35,Austria,2668.0,0.5336,,
stage,5000,Round of 32,36,Algeria,2648.0,0.5296,,
stage,5000,Round of 32,37,Sweden,2189.0,0.4378,,
stage,5000,Round of 32,38,Congo DR,1774.0,0.3548,,
stage,5000,Round of 32,39,Australia,1721.0,0.3442,,
stage,5000,Round of 32,40,Cape Verde Islands,1339.0,0.2678,,
stage,5000,Round of 32,41,South Africa,1258.0,0.2516,,
stage,5000,Round of 32,42,Ghana,1230.0,0.246,,
stage,5000,Round of 32,43,Uzbekistan,1147.0,0.2294,,
stage,5000,Round of 32,44,Saudi Arabia,1049.0,0.2098,,
stage,5000,Round of 32,45,Qatar,848.0,0.1696,,
stage,5000,Round of 32,46,Iraq,812.0,0.1624,,
stage,5000,Round of 32,47,Curaçao,744.0,0.1488,,
stage,5000,Round of 32,48,Haiti,689.0,0.1378,,
stage,5000,Round of 16,1,Portugal,4539.0,0.9078,,
stage,5000,Round of 16,2,Germany,4424.0,0.8848,,
stage,5000,Round of 16,3,Colombia,4214.0,0.8428,,
stage,5000,Round of 16,4,Mexico,4141.0,0.8282,,
stage,5000,Round of 16,5,Türkiye,3928.0,0.7856,,
stage,5000,Round of 16,6,USA,3786.0,0.7572,,
stage,5000,Round of 16,7,England,3720.0,0.744,,
stage,5000,Round of 16,8,Argentina,3666.0,0.7332,,
stage,5000,Round of 16,9,Belgium,3601.0,0.7202,,
stage,5000,Round of 16,10,Switzerland,3498.0,0.6996,,
stage,5000,Round of 16,11,Ecuador,3482.0,0.6964,,
stage,5000,Round of 16,12,France,3321.0,0.6642,,
stage,5000,Round of 16,13,Netherlands,3203.0,0.6406,,
stage,5000,Round of 16,14,Czechia,3188.0,0.6376,,
stage,5000,Round of 16,15,Brazil,3170.0,0.634,,
stage,5000,Round of 16,16,Spain,3046.0,0.6092,,
stage,5000,Round of 16,17,Uruguay,2333.0,0.4666,,
stage,5000,Round of 16,18,Norway,1869.0,0.3738,,
stage,5000,Round of 16,19,Korea Republic,1802.0,0.3604,,
stage,5000,Round of 16,20,Scotland,1602.0,0.3204,,
stage,5000,Round of 16,21,Canada,1581.0,0.3162,,
stage,5000,Round of 16,22,Côte d'Ivoire,1397.0,0.2794,,
stage,5000,Round of 16,23,Paraguay,1083.0,0.2166,,
stage,5000,Round of 16,24,Australia,899.0,0.1798,,
stage,5000,Round of 16,25,Tunisia,865.0,0.173,,
stage,5000,Round of 16,26,Croatia,812.0,0.1624,,
stage,5000,Round of 16,27,New Zealand,728.0,0.1456,,
stage,5000,Round of 16,28,Panama,707.0,0.1414,,
stage,5000,Round of 16,29,Jordan,703.0,0.1406,,
stage,5000,Round of 16,30,Japan,662.0,0.1324,,
stage,5000,Round of 16,31,Morocco,654.0,0.1308,,
stage,5000,Round of 16,32,Uzbekistan,420.0,0.084,,
stage,5000,Round of 16,33,Senegal,364.0,0.0728,,
stage,5000,Round of 16,34,Egypt,326.0,0.0652,,
stage,5000,Round of 16,35,IR Iran,324.0,0.0648,,
stage,5000,Round of 16,36,Congo DR,308.0,0.0616,,
stage,5000,Round of 16,37,South Africa,288.0,0.0576,,
stage,5000,Round of 16,38,Austria,267.0,0.0534,,
stage,5000,Round of 16,39,Sweden,256.0,0.0512,,
stage,5000,Round of 16,40,Algeria,239.0,0.0478,,
stage,5000,Round of 16,41,Bosnia and Herzegovina,162.0,0.0324,,
stage,5000,Round of 16,42,Curaçao,98.0,0.0196,,
stage,5000,Round of 16,43,Ghana,64.0,0.0128,,
stage,5000,Round of 16,44,Saudi Arabia,63.0,0.0126,,
stage,5000,Round of 16,45,Qatar,63.0,0.0126,,
stage,5000,Round of 16,46,Iraq,58.0,0.0116,,
stage,5000,Round of 16,47,Haiti,42.0,0.0084,,
stage,5000,Round of 16,48,Cape Verde Islands,34.0,0.0068,,
stage,5000,Quarterfinals,1,Mexico,3590.0,0.718,,
stage,5000,Quarterfinals,2,Argentina,3504.0,0.7008,,
stage,5000,Quarterfinals,3,Switzerland,3170.0,0.634,,
stage,5000,Quarterfinals,4,Brazil,2857.0,0.5714,,
stage,5000,Quarterfinals,5,Portugal,2735.0,0.547,,
stage,5000,Quarterfinals,6,Czechia,2548.0,0.5096,,
stage,5000,Quarterfinals,7,Türkiye,2546.0,0.5092,,
stage,5000,Quarterfinals,8,Germany,2404.0,0.4808,,
stage,5000,Quarterfinals,9,Ecuador,1987.0,0.3974,,
stage,5000,Quarterfinals,10,USA,1618.0,0.3236,,
stage,5000,Quarterfinals,11,Korea Republic,1470.0,0.294,,
stage,5000,Quarterfinals,12,Colombia,1457.0,0.2914,,
stage,5000,Quarterfinals,13,Canada,1323.0,0.2646,,
stage,5000,Quarterfinals,14,Scotland,1306.0,0.2612,,
stage,5000,Quarterfinals,15,England,878.0,0.1756,,
stage,5000,Quarterfinals,16,Spain,831.0,0.1662,,
stage,5000,Quarterfinals,17,Netherlands,690.0,0.138,,
stage,5000,Quarterfinals,18,Jordan,557.0,0.1114,,
stage,5000,Quarterfinals,19,France,533.0,0.1066,,
stage,5000,Quarterfinals,20,Morocco,486.0,0.0972,,
stage,5000,Quarterfinals,21,Belgium,410.0,0.082,,
stage,5000,Quarterfinals,22,Paraguay,312.0,0.0624,,
stage,5000,Quarterfinals,23,Uruguay,297.0,0.0594,,
stage,5000,Quarterfinals,24,Côte d'Ivoire,273.0,0.0546,,
stage,5000,Quarterfinals,25,Uzbekistan,268.0,0.0536,,
stage,5000,Quarterfinals,26,Croatia,261.0,0.0522,,
stage,5000,Quarterfinals,27,Australia,200.0,0.04,,
stage,5000,Quarterfinals,28,Austria,184.0,0.0368,,
stage,5000,Quarterfinals,29,South Africa,181.0,0.0362,,
stage,5000,Quarterfinals,30,Algeria,172.0,0.0344,,
stage,5000,Quarterfinals,31,Congo DR,160.0,0.032,,
stage,5000,Quarterfinals,32,Japan,149.0,0.0298,,
stage,5000,Quarterfinals,33,Norway,125.0,0.025,,
stage,5000,Quarterfinals,34,Bosnia and Herzegovina,92.0,0.0184,,
stage,5000,Quarterfinals,35,Senegal,60.0,0.012,,
stage,5000,Quarterfinals,36,Panama,59.0,0.0118,,
stage,5000,Quarterfinals,37,Tunisia,54.0,0.0108,,
stage,5000,Quarterfinals,38,Sweden,48.0,0.0096,,
stage,5000,Quarterfinals,39,Qatar,47.0,0.0094,,
stage,5000,Quarterfinals,40,IR Iran,36.0,0.0072,,
stage,5000,Quarterfinals,41,Egypt,32.0,0.0064,,
stage,5000,Quarterfinals,42,Haiti,27.0,0.0054,,
stage,5000,Quarterfinals,43,New Zealand,24.0,0.0048,,
stage,5000,Quarterfinals,44,Saudi Arabia,19.0,0.0038,,
stage,5000,Quarterfinals,45,Ghana,7.0,0.0014,,
stage,5000,Quarterfinals,46,Curaçao,6.0,0.0012,,
stage,5000,Quarterfinals,47,Cape Verde Islands,4.0,0.0008,,
stage,5000,Quarterfinals,48,Iraq,3.0,0.0006,,
stage,5000,Semifinals,1,Argentina,3408.0,0.6816,,
stage,5000,Semifinals,2,Brazil,2717.0,0.5434,,
stage,5000,Semifinals,3,Portugal,2372.0,0.4744,,
stage,5000,Semifinals,4,Germany,2279.0,0.4558,,
stage,5000,Semifinals,5,Ecuador,1811.0,0.3622,,
stage,5000,Semifinals,6,Scotland,1158.0,0.2316,,
stage,5000,Semifinals,7,Colombia,1151.0,0.2302,,
stage,5000,Semifinals,8,Spain,784.0,0.1568,,
stage,5000,Semifinals,9,France,505.0,0.101,,
stage,5000,Semifinals,10,Jordan,442.0,0.0884,,
stage,5000,Semifinals,11,Morocco,353.0,0.0706,,
stage,5000,Semifinals,12,Uruguay,254.0,0.0508,,
stage,5000,Semifinals,13,England,253.0,0.0506,,
stage,5000,Semifinals,14,Côte d'Ivoire,217.0,0.0434,,
stage,5000,Semifinals,15,Uzbekistan,213.0,0.0426,,
stage,5000,Semifinals,16,Türkiye,193.0,0.0386,,
stage,5000,Semifinals,17,Croatia,182.0,0.0364,,
stage,5000,Semifinals,18,Netherlands,172.0,0.0344,,
stage,5000,Semifinals,19,Mexico,161.0,0.0322,,
stage,5000,Semifinals,20,USA,152.0,0.0304,,
stage,5000,Semifinals,21,Switzerland,142.0,0.0284,,
stage,5000,Semifinals,22,Austria,139.0,0.0278,,
stage,5000,Semifinals,23,Algeria,135.0,0.027,,
stage,5000,Semifinals,24,Congo DR,132.0,0.0264,,
stage,5000,Semifinals,25,Norway,108.0,0.0216,,
stage,5000,Semifinals,26,Japan,95.0,0.019,,
stage,5000,Semifinals,27,Czechia,94.0,0.0188,,
stage,5000,Semifinals,28,Paraguay,83.0,0.0166,,
stage,5000,Semifinals,29,Korea Republic,59.0,0.0118,,
stage,5000,Semifinals,30,Australia,42.0,0.0084,,
stage,5000,Semifinals,31,Belgium,38.0,0.0076,,
stage,5000,Semifinals,32,Canada,36.0,0.0072,,
stage,5000,Semifinals,33,Panama,26.0,0.0052,,
stage,5000,Semifinals,34,Sweden,22.0,0.0044,,
stage,5000,Semifinals,35,Senegal,17.0,0.0034,,
stage,5000,Semifinals,36,Tunisia,14.0,0.0028,,
stage,5000,Semifinals,37,Haiti,14.0,0.0028,,
stage,5000,Semifinals,38,Saudi Arabia,10.0,0.002,,
stage,5000,Semifinals,39,Ghana,4.0,0.0008,,
stage,5000,Semifinals,40,Curaçao,3.0,0.0006,,
stage,5000,Semifinals,41,Egypt,3.0,0.0006,,
stage,5000,Semifinals,42,Cape Verde Islands,2.0,0.0004,,
stage,5000,Semifinals,43,Qatar,2.0,0.0004,,
stage,5000,Semifinals,44,IR Iran,1.0,0.0002,,
stage,5000,Semifinals,45,Iraq,1.0,0.0002,,
stage,5000,Semifinals,46,Bosnia and Herzegovina,1.0,0.0002,,
stage,5000,Final,1,Brazil,2532.0,0.5064,,
stage,5000,Final,2,Germany,2137.0,0.4274,,
stage,5000,Final,3,Ecuador,1584.0,0.3168,,
stage,5000,Final,4,Scotland,929.0,0.1858,,
stage,5000,Final,5,France,481.0,0.0962,,
stage,5000,Final,6,Argentina,430.0,0.086,,
stage,5000,Final,7,Morocco,313.0,0.0626,,
stage,5000,Final,8,Portugal,252.0,0.0504,,
stage,5000,Final,9,Côte d'Ivoire,176.0,0.0352,,
stage,5000,Final,10,Netherlands,165.0,0.033,,
stage,5000,Final,11,Spain,143.0,0.0286,,
stage,5000,Final,12,Mexico,139.0,0.0278,,
stage,5000,Final,13,England,103.0,0.0206,,
stage,5000,Final,14,Norway,94.0,0.0188,,
stage,5000,Final,15,Colombia,86.0,0.0172,,
stage,5000,Final,16,Japan,82.0,0.0164,,
stage,5000,Final,17,Czechia,75.0,0.015,,
stage,5000,Final,18,Korea Republic,49.0,0.0098,,
stage,5000,Final,19,Paraguay,31.0,0.0062,,
stage,5000,Final,20,Türkiye,26.0,0.0052,,
stage,5000,Final,21,Sweden,19.0,0.0038,,
stage,5000,Final,22,USA,17.0,0.0034,,
stage,5000,Final,23,Switzerland,17.0,0.0034,,
stage,5000,Final,24,Uruguay,15.0,0.003,,
stage,5000,Final,25,Croatia,14.0,0.0028,,
stage,5000,Final,26,Senegal,13.0,0.0026,,
stage,5000,Final,27,Haiti,12.0,0.0024,,
stage,5000,Final,28,Tunisia,11.0,0.0022,,
stage,5000,Final,29,Jordan,9.0,0.0018,,
stage,5000,Final,30,Canada,9.0,0.0018,,
stage,5000,Final,31,Australia,9.0,0.0018,,
stage,5000,Final,32,Algeria,7.0,0.0014,,
stage,5000,Final,33,Austria,6.0,0.0012,,
stage,5000,Final,34,Uzbekistan,5.0,0.001,,
stage,5000,Final,35,Congo DR,4.0,0.0008,,
stage,5000,Final,36,Belgium,3.0,0.0006,,
stage,5000,Final,37,Panama,2.0,0.0004,,
stage,5000,Final,38,Iraq,1.0,0.0002,,
pair,5000,Round of 32,1,Argentina | Spain,,0.428,2140.0,
pair,5000,Round of 32,2,Argentina | Uruguay,,0.395,1975.0,
pair,5000,Round of 32,3,Croatia | Portugal,,0.362,1810.0,
pair,5000,Round of 32,4,Brazil | Netherlands,,0.3354,1677.0,
pair,5000,Round of 32,5,Netherlands | Scotland,,0.3204,1602.0,
pair,5000,Round of 32,6,Colombia | Croatia,,0.3022,1511.0,
pair,5000,Round of 32,7,Bosnia and Herzegovina | Türkiye,,0.2316,1158.0,
pair,5000,Round of 32,8,Brazil | Japan,,0.2302,1151.0,
pair,5000,Round of 32,9,Canada | Mexico,,0.2288,1144.0,
pair,5000,Round of 32,10,Panama | Portugal,,0.228,1140.0,
pair,5000,Round of 32,11,Brazil | Tunisia,,0.2236,1118.0,
pair,5000,Round of 32,12,Congo DR | England,,0.222,1110.0,
pair,5000,Round of 32,13,Jordan | Spain,,0.209,1045.0,
pair,5000,Round of 32,14,Colombia | Panama,,0.1996,998.0,
pair,5000,Round of 32,15,Morocco | Netherlands,,0.1848,924.0,
pair,5000,Round of 32,16,Jordan | Uruguay,,0.179,895.0,
pair,5000,Round of 32,17,Canada | Korea Republic,,0.1766,883.0,
pair,5000,Round of 32,18,Germany | Norway,,0.1756,878.0,
pair,5000,Round of 32,19,Austria | Spain,,0.171,855.0,
pair,5000,Round of 32,20,Scotland | Tunisia,,0.167,835.0,
pair,5000,Round of 32,21,Belgium | Czechia,,0.1658,829.0,
pair,5000,Round of 32,22,Algeria | Spain,,0.1652,826.0,
pair,5000,Round of 32,23,England | Portugal,,0.1592,796.0,
pair,5000,Round of 32,24,Canada | Czechia,,0.1574,787.0,
pair,5000,Round of 32,25,Colombia | England,,0.1566,783.0,
pair,5000,Round of 32,26,Austria | Uruguay,,0.149,745.0,
pair,5000,Round of 32,27,Bosnia and Herzegovina | USA,,0.1458,729.0,
pair,5000,Round of 32,28,Japan | Scotland,,0.1444,722.0,
pair,5000,Round of 32,29,England | Senegal,,0.1434,717.0,
pair,5000,Round of 32,30,France | Japan,,0.143,715.0,
pair,5000,Round of 32,31,Belgium | Korea Republic,,0.1402,701.0,
pair,5000,Round of 32,32,IR Iran | USA,,0.1378,689.0,
pair,5000,Round of 32,33,France | Germany,,0.1368,684.0,
pair,5000,Round of 32,34,Algeria | Uruguay,,0.131,655.0,
pair,5000,Round of 32,35,Egypt | Switzerland,,0.1308,654.0,
pair,5000,Round of 32,36,IR Iran | Switzerland,,0.1284,642.0,
pair,5000,Round of 32,37,Brazil | Sweden,,0.121,605.0,
pair,5000,Round of 32,38,France | Sweden,,0.1208,604.0,
pair,5000,Round of 32,39,Belgium | South Africa,,0.1202,601.0,
pair,5000,Round of 32,40,New Zealand | Switzerland,,0.1162,581.0,
pair,5000,Round of 32,41,Colombia | Ghana,,0.1154,577.0,
pair,5000,Round of 32,42,Egypt | USA,,0.1152,576.0,
pair,5000,Round of 32,43,Ecuador | Paraguay,,0.1152,576.0,
pair,5000,Round of 32,44,Germany | Paraguay,,0.1142,571.0,
pair,5000,Round of 32,45,England | Uzbekistan,,0.114,570.0,
pair,5000,Round of 32,46,Germany | Morocco,,0.1124,562.0,
pair,5000,Round of 32,47,Ecuador | Norway,,0.1082,541.0,
pair,5000,Round of 32,48,Ecuador | Morocco,,0.108,540.0,
pair,5000,Round of 32,49,Ghana | Portugal,,0.104,520.0,
pair,5000,Round of 32,50,Mexico | Morocco,,0.1016,508.0,
pair,5000,Round of 32,51,France | Tunisia,,0.1006,503.0,
pair,5000,Round of 32,52,Côte d'Ivoire | Norway,,0.1006,503.0,
pair,5000,Round of 32,53,New Zealand | USA,,0.0966,483.0,
pair,5000,Round of 32,54,Belgium | USA,,0.0928,464.0,
pair,5000,Round of 32,55,Germany | Senegal,,0.0916,458.0,
pair,5000,Round of 32,56,Ecuador | France,,0.0912,456.0,
pair,5000,Round of 32,57,Mexico | Switzerland,,0.089,445.0,
pair,5000,Round of 32,58,Czechia | Morocco,,0.0882,441.0,
pair,5000,Round of 32,59,Côte d'Ivoire | France,,0.0866,433.0,
pair,5000,Round of 32,60,Argentina | Saudi Arabia,,0.0866,433.0,
pair,5000,Round of 32,61,Japan | Norway,,0.0832,416.0,
pair,5000,Round of 32,62,Algeria | Switzerland,,0.0782,391.0,
pair,5000,Round of 32,63,IR Iran | Türkiye,,0.0768,384.0,
pair,5000,Round of 32,64,Jordan | Switzerland,,0.0736,368.0,
pair,5000,Round of 16,1,Colombia | Switzerland,,0.3736,1868.0,
pair,5000,Round of 16,2,Belgium | Türkiye,,0.3686,1843.0,
pair,5000,Round of 16,3,England | Mexico,,0.3174,1587.0,
pair,5000,Round of 16,4,Argentina | USA,,0.3026,1513.0,
pair,5000,Round of 16,5,Portugal | Spain,,0.2762,1381.0,
pair,5000,Round of 16,6,France | Germany,,0.272,1360.0,
pair,5000,Round of 16,7,Czechia | England,,0.2696,1348.0,
pair,5000,Round of 16,8,Ecuador | France,,0.2634,1317.0,
pair,5000,Round of 16,9,Portugal | Switzerland,,0.252,1260.0,
pair,5000,Round of 16,10,Brazil | Germany,,0.2462,1231.0,
pair,5000,Round of 16,11,Belgium | USA,,0.2322,1161.0,
pair,5000,Round of 16,12,Mexico | Netherlands,,0.2296,1148.0,
pair,5000,Round of 16,13,Portugal | Uruguay,,0.2274,1137.0,
pair,5000,Round of 16,14,Argentina | Türkiye,,0.1688,844.0,
pair,5000,Round of 16,15,Korea Republic | Netherlands,,0.1658,829.0,
pair,5000,Round of 16,16,Germany | Norway,,0.1598,799.0,
pair,5000,Round of 16,17,Canada | Colombia,,0.1542,771.0,
pair,5000,Round of 16,18,Colombia | Spain,,0.146,730.0,
pair,5000,Round of 16,19,Czechia | Netherlands,,0.142,710.0,
pair,5000,Round of 16,20,Ecuador | Norway,,0.1404,702.0,
pair,5000,Round of 16,21,Brazil | Ecuador,,0.139,695.0,
pair,5000,Round of 16,22,Brazil | Côte d'Ivoire,,0.1294,647.0,
pair,5000,Round of 16,23,Colombia | Uruguay,,0.113,565.0,
pair,5000,Round of 16,24,Germany | Scotland,,0.1108,554.0,
pair,5000,Round of 16,25,Argentina | Paraguay,,0.1038,519.0,
pair,5000,Round of 16,26,Argentina | Australia,,0.1002,501.0,
pair,5000,Round of 16,27,Canada | Portugal,,0.0948,474.0,
pair,5000,Round of 16,28,New Zealand | Türkiye,,0.0796,398.0,
pair,5000,Round of 16,29,Ecuador | Scotland,,0.073,365.0,
pair,5000,Round of 16,30,Côte d'Ivoire | Scotland,,0.0688,344.0,
pair,5000,Round of 16,31,Mexico | Tunisia,,0.06,300.0,
pair,5000,Round of 16,32,Mexico | Panama,,0.0576,288.0,
pair,5000,Round of 16,33,Jordan | USA,,0.0566,283.0,
pair,5000,Round of 16,34,Croatia | Mexico,,0.0504,252.0,
pair,5000,Round of 16,35,Czechia | Panama,,0.0496,248.0,
pair,5000,Round of 16,36,England | Korea Republic,,0.0482,241.0,
pair,5000,Round of 16,37,New Zealand | USA,,0.043,215.0,
pair,5000,Round of 16,38,Czechia | Tunisia,,0.042,210.0,
pair,5000,Round of 16,39,Korea Republic | Tunisia,,0.041,205.0,
pair,5000,Round of 16,40,Croatia | Czechia,,0.04,200.0,
pair,5000,Round of 16,41,Japan | Mexico,,0.0378,189.0,
pair,5000,Round of 16,42,Spain | Uzbekistan,,0.0374,187.0,
pair,5000,Round of 16,43,Brazil | France,,0.036,180.0,
pair,5000,Round of 16,44,Belgium | Paraguay,,0.0346,173.0,
pair,5000,Round of 16,45,Jordan | Türkiye,,0.0316,158.0,
pair,5000,Round of 16,46,Spain | USA,,0.0312,156.0,
pair,5000,Round of 16,47,Uruguay | Uzbekistan,,0.0298,149.0,
pair,5000,Round of 16,48,Côte d'Ivoire | France,,0.0276,138.0,
pair,5000,Round of 16,49,Japan | Korea Republic,,0.0272,136.0,
pair,5000,Round of 16,50,Canada | Netherlands,,0.0266,133.0,
pair,5000,Round of 16,51,IR Iran | Türkiye,,0.0262,131.0,
pair,5000,Round of 16,52,Egypt | Türkiye,,0.0256,128.0,
pair,5000,Round of 16,53,Netherlands | South Africa,,0.0254,127.0,
pair,5000,Round of 16,54,Australia | Belgium,,0.0252,126.0,
pair,5000,Round of 16,55,Congo DR | Spain,,0.024,120.0,
pair,5000,Round of 16,56,Germany | Morocco,,0.0238,119.0,
pair,5000,Round of 16,57,Czechia | Japan,,0.0224,112.0,
pair,5000,Round of 16,58,France | Scotland,,0.022,110.0,
pair,5000,Round of 16,59,England | Spain,,0.022,110.0,
pair,5000,Round of 16,60,England | Uruguay,,0.0218,109.0,
pair,5000,Round of 16,61,Croatia | Spain,,0.0206,103.0,
pair,5000,Round of 16,62,Jordan | Paraguay,,0.0202,101.0,
pair,5000,Round of 16,63,Congo DR | Uruguay,,0.0198,99.0,
pair,5000,Round of 16,64,Spain | Türkiye,,0.0196,98.0,
pair,5000,Quarterfinals,1,Argentina | Switzerland,,0.4168,2084.0,
pair,5000,Quarterfinals,2,Portugal | Türkiye,,0.2374,1187.0,
pair,5000,Quarterfinals,3,Brazil | Mexico,,0.2266,1133.0,
pair,5000,Quarterfinals,4,Brazil | Czechia,,0.171,855.0,
pair,5000,Quarterfinals,5,Germany | Mexico,,0.1554,777.0,
pair,5000,Quarterfinals,6,Argentina | Canada,,0.1528,764.0,
pair,5000,Quarterfinals,7,Portugal | USA,,0.1478,739.0,
pair,5000,Quarterfinals,8,Ecuador | Mexico,,0.1234,617.0,
pair,5000,Quarterfinals,9,Colombia | Türkiye,,0.1156,578.0,
pair,5000,Quarterfinals,10,Germany | Korea Republic,,0.1064,532.0,
pair,5000,Quarterfinals,11,Czechia | Germany,,0.102,510.0,
pair,5000,Quarterfinals,12,Mexico | Scotland,,0.0988,494.0,
pair,5000,Quarterfinals,13,Ecuador | Korea Republic,,0.0896,448.0,
pair,5000,Quarterfinals,14,Brazil | England,,0.077,385.0,
pair,5000,Quarterfinals,15,Czechia | Scotland,,0.0768,384.0,
pair,5000,Quarterfinals,16,Czechia | Ecuador,,0.0748,374.0,
pair,5000,Quarterfinals,17,Colombia | USA,,0.0734,367.0,
pair,5000,Quarterfinals,18,Jordan | Switzerland,,0.0628,314.0,
pair,5000,Quarterfinals,19,Spain | Türkiye,,0.046,230.0,
pair,5000,Quarterfinals,20,Argentina | Portugal,,0.0454,227.0,
pair,5000,Quarterfinals,21,Ecuador | Netherlands,,0.0452,226.0,
pair,5000,Quarterfinals,22,Germany | Netherlands,,0.0446,223.0,
pair,5000,Quarterfinals,23,Spain | Switzerland,,0.0434,217.0,
pair,5000,Quarterfinals,24,Argentina | Colombia,,0.042,210.0,
pair,5000,Quarterfinals,25,Belgium | Portugal,,0.0374,187.0,
pair,5000,Quarterfinals,26,England | Scotland,,0.0346,173.0,
pair,5000,Quarterfinals,27,France | Mexico,,0.0328,164.0,
pair,5000,Quarterfinals,28,Brazil | Korea Republic,,0.0322,161.0,
pair,5000,Quarterfinals,29,Mexico | Morocco,,0.0268,134.0,
pair,5000,Quarterfinals,30,Spain | USA,,0.0266,133.0,
pair,5000,Quarterfinals,31,Türkiye | Uzbekistan,,0.026,130.0,
pair,5000,Quarterfinals,32,Paraguay | Portugal,,0.0256,128.0,
pair,5000,Quarterfinals,33,Canada | Jordan,,0.0252,126.0,
pair,5000,Quarterfinals,34,France | Korea Republic,,0.0222,111.0,
pair,5000,Quarterfinals,35,Czechia | France,,0.0216,108.0,
pair,5000,Quarterfinals,36,Czechia | Morocco,,0.02,100.0,
pair,5000,Quarterfinals,37,Croatia | Türkiye,,0.0188,94.0,
pair,5000,Quarterfinals,38,Canada | Spain,,0.0186,93.0,
pair,5000,Quarterfinals,39,Algeria | Switzerland,,0.018,90.0,
pair,5000,Quarterfinals,40,England | Türkiye,,0.018,90.0,
pair,5000,Quarterfinals,41,Austria | Switzerland,,0.0174,87.0,
pair,5000,Quarterfinals,42,Côte d'Ivoire | Mexico,,0.0166,83.0,
pair,5000,Quarterfinals,43,Switzerland | Uruguay,,0.0166,83.0,
pair,5000,Quarterfinals,44,Korea Republic | Scotland,,0.0162,81.0,
pair,5000,Quarterfinals,45,Belgium | Colombia,,0.016,80.0,
pair,5000,Quarterfinals,46,Canada | Germany,,0.016,80.0,
pair,5000,Quarterfinals,47,USA | Uzbekistan,,0.0152,76.0,
pair,5000,Quarterfinals,48,Canada | Ecuador,,0.0152,76.0,
pair,5000,Quarterfinals,49,Congo DR | Türkiye,,0.0152,76.0,
pair,5000,Quarterfinals,50,Australia | Portugal,,0.015,75.0,
pair,5000,Quarterfinals,51,Ecuador | South Africa,,0.014,70.0,
pair,5000,Quarterfinals,52,Germany | South Africa,,0.013,65.0,
pair,5000,Quarterfinals,53,Brazil | Morocco,,0.0124,62.0,
pair,5000,Quarterfinals,54,France | Netherlands,,0.0124,62.0,
pair,5000,Quarterfinals,55,Türkiye | Uruguay,,0.012,60.0,
pair,5000,Quarterfinals,56,Germany | Switzerland,,0.0116,58.0,
pair,5000,Quarterfinals,57,Switzerland | USA,,0.0108,54.0,
pair,5000,Quarterfinals,58,England | Morocco,,0.0102,51.0,
pair,5000,Quarterfinals,59,Colombia | Paraguay,,0.01,50.0,
pair,5000,Quarterfinals,60,Croatia | USA,,0.0098,49.0,
pair,5000,Quarterfinals,61,Congo DR | USA,,0.0094,47.0,
pair,5000,Quarterfinals,62,Czechia | Côte d'Ivoire,,0.0094,47.0,
pair,5000,Quarterfinals,63,Morocco | Scotland,,0.0094,47.0,
pair,5000,Quarterfinals,64,England | USA,,0.0092,46.0,
pair,5000,Semifinals,1,Argentina | Brazil,,0.3622,1811.0,
pair,5000,Semifinals,2,Germany | Portugal,,0.195,975.0,
pair,5000,Semifinals,3,Ecuador | Portugal,,0.1594,797.0,
pair,5000,Semifinals,4,Argentina | Scotland,,0.159,795.0,
pair,5000,Semifinals,5,Colombia | Germany,,0.091,455.0,
pair,5000,Semifinals,6,Colombia | Ecuador,,0.0824,412.0,
pair,5000,Semifinals,7,Brazil | Jordan,,0.0494,247.0,
pair,5000,Semifinals,8,France | Portugal,,0.0438,219.0,
pair,5000,Semifinals,9,Brazil | Spain,,0.0402,201.0,
pair,5000,Semifinals,10,Germany | Spain,,0.0398,199.0,
pair,5000,Semifinals,11,Argentina | Morocco,,0.0392,196.0,
pair,5000,Semifinals,12,Ecuador | Spain,,0.0322,161.0,
pair,5000,Semifinals,13,Argentina | Germany,,0.025,125.0,
pair,5000,Semifinals,14,Jordan | Scotland,,0.0204,102.0,
pair,5000,Semifinals,15,Germany | Uzbekistan,,0.0196,98.0,
pair,5000,Semifinals,16,Colombia | France,,0.019,95.0,
pair,5000,Semifinals,17,Croatia | Germany,,0.0164,82.0,
pair,5000,Semifinals,18,Argentina | Netherlands,,0.0164,82.0,
pair,5000,Semifinals,19,Côte d'Ivoire | Portugal,,0.016,80.0,
pair,5000,Semifinals,20,Austria | Brazil,,0.0146,73.0,
pair,5000,Semifinals,21,Brazil | Switzerland,,0.0138,69.0,
pair,5000,Semifinals,22,Ecuador | Uzbekistan,,0.0136,68.0,
pair,5000,Semifinals,23,England | Germany,,0.0136,68.0,
pair,5000,Semifinals,24,Brazil | Uruguay,,0.0136,68.0,
pair,5000,Semifinals,25,Algeria | Brazil,,0.0128,64.0,
pair,5000,Semifinals,26,Germany | Uruguay,,0.0126,63.0,
pair,5000,Semifinals,27,Argentina | Ecuador,,0.0124,62.0,
pair,5000,Semifinals,28,Ecuador | England,,0.0122,61.0,
pair,5000,Semifinals,29,Congo DR | Germany,,0.0118,59.0,
pair,5000,Semifinals,30,Scotland | Spain,,0.011,55.0,
pair,5000,Semifinals,31,Argentina | England,,0.011,55.0,
pair,5000,Semifinals,32,Argentina | Mexico,,0.011,55.0,
pair,5000,Semifinals,33,Argentina | Japan,,0.0106,53.0,
pair,5000,Semifinals,34,Norway | Portugal,,0.0104,52.0,
pair,5000,Semifinals,35,Germany | Türkiye,,0.0104,52.0,
pair,5000,Semifinals,36,Croatia | Ecuador,,0.0104,52.0,
pair,5000,Semifinals,37,Ecuador | Uruguay,,0.0094,47.0,
pair,5000,Semifinals,38,Brazil | USA,,0.0092,46.0,
pair,5000,Semifinals,39,Argentina | France,,0.0088,44.0,
pair,5000,Semifinals,40,Congo DR | Ecuador,,0.0086,43.0,
pair,5000,Semifinals,41,Argentina | Czechia,,0.0086,43.0,
pair,5000,Semifinals,42,Ecuador | Türkiye,,0.0084,42.0,
pair,5000,Semifinals,43,Mexico | Portugal,,0.0084,42.0,
pair,5000,Semifinals,44,Austria | Scotland,,0.0076,38.0,
pair,5000,Semifinals,45,Scotland | Uruguay,,0.0074,37.0,
pair,5000,Semifinals,46,Morocco | Portugal,,0.0072,36.0,
pair,5000,Semifinals,47,Scotland | Switzerland,,0.0072,36.0,
pair,5000,Semifinals,48,France | Spain,,0.007,35.0,
pair,5000,Semifinals,49,Colombia | Côte d'Ivoire,,0.0064,32.0,
pair,5000,Semifinals,50,Argentina | Côte d'Ivoire,,0.0064,32.0,
pair,5000,Semifinals,51,Brazil | Türkiye,,0.0062,31.0,
pair,5000,Semifinals,52,Algeria | Scotland,,0.0056,28.0,
pair,5000,Semifinals,53,Germany | USA,,0.0056,28.0,
pair,5000,Semifinals,54,Brazil | Portugal,,0.0054,27.0,
pair,5000,Semifinals,55,Netherlands | Portugal,,0.0048,24.0,
pair,5000,Semifinals,56,Jordan | Morocco,,0.0046,23.0,
pair,5000,Semifinals,57,Korea Republic | Portugal,,0.0046,23.0,
pair,5000,Semifinals,58,Morocco | Spain,,0.0044,22.0,
pair,5000,Semifinals,59,Colombia | Morocco,,0.0042,21.0,
pair,5000,Semifinals,60,Colombia | Norway,,0.0042,21.0,
pair,5000,Semifinals,61,Côte d'Ivoire | Spain,,0.0042,21.0,
pair,5000,Semifinals,62,Paraguay | Portugal,,0.004,20.0,
pair,5000,Semifinals,63,France | Uzbekistan,,0.004,20.0,
pair,5000,Semifinals,64,Scotland | USA,,0.0038,19.0,
pair,5000,Final,1,Brazil | Germany,,0.192,960.0,
pair,5000,Final,2,Brazil | Ecuador,,0.1542,771.0,
pair,5000,Final,3,Germany | Scotland,,0.0744,372.0,
pair,5000,Final,4,Ecuador | Scotland,,0.0532,266.0,
pair,5000,Final,5,Brazil | France,,0.0398,199.0,
pair,5000,Final,6,Argentina | Germany,,0.0374,187.0,
pair,5000,Final,7,Ecuador | Germany,,0.031,155.0,
pair,5000,Final,8,Brazil | Portugal,,0.0288,144.0,
pair,5000,Final,9,Argentina | Ecuador,,0.0246,123.0,
pair,5000,Final,10,Germany | Morocco,,0.0218,109.0,
pair,5000,Final,11,France | Scotland,,0.0194,97.0,
pair,5000,Final,12,Brazil | Côte d'Ivoire,,0.0164,82.0,
pair,5000,Final,13,Ecuador | Morocco,,0.0148,74.0,
pair,5000,Final,14,Brazil | Colombia,,0.0098,49.0,
pair,5000,Final,15,Brazil | Norway,,0.0096,48.0,
pair,5000,Final,16,Germany | Netherlands,,0.0094,47.0,
pair,5000,Final,17,Brazil | Morocco,,0.0092,46.0,
pair,5000,Final,18,France | Germany,,0.0086,43.0,
pair,5000,Final,19,Portugal | Scotland,,0.0082,41.0,
pair,5000,Final,20,Germany | Mexico,,0.0076,38.0,
pair,5000,Final,21,Argentina | France,,0.0074,37.0,
pair,5000,Final,22,Ecuador | Netherlands,,0.0074,37.0,
pair,5000,Final,23,Brazil | Spain,,0.0072,36.0,
pair,5000,Final,24,Germany | Spain,,0.0072,36.0,
pair,5000,Final,25,England | Germany,,0.0068,34.0,
pair,5000,Final,26,Côte d'Ivoire | Germany,,0.0068,34.0,
pair,5000,Final,27,Brazil | Netherlands,,0.0066,33.0,
pair,5000,Final,28,Germany | Japan,,0.0058,29.0,
pair,5000,Final,29,Brazil | Mexico,,0.0056,28.0,
pair,5000,Final,30,Ecuador | France,,0.0052,26.0,
pair,5000,Final,31,Ecuador | Japan,,0.0048,24.0,
pair,5000,Final,32,Czechia | Germany,,0.0044,22.0,
pair,5000,Final,33,Ecuador | England,,0.0044,22.0,
pair,5000,Final,34,Côte d'Ivoire | Scotland,,0.0042,21.0,
pair,5000,Final,35,Ecuador | Spain,,0.004,20.0,
pair,5000,Final,36,Ecuador | Mexico,,0.004,20.0,
pair,5000,Final,37,Brazil | Korea Republic,,0.0036,18.0,
pair,5000,Final,38,Argentina | Portugal,,0.0034,17.0,
pair,5000,Final,39,France | Morocco,,0.0032,16.0,
pair,5000,Final,40,Mexico | Scotland,,0.0032,16.0,
pair,5000,Final,41,Brazil | England,,0.0032,16.0,
pair,5000,Final,42,Norway | Scotland,,0.0032,16.0,
pair,5000,Final,43,Brazil | Paraguay,,0.0028,14.0,
pair,5000,Final,44,Brazil | Czechia,,0.0028,14.0,
pair,5000,Final,45,Morocco | Scotland,,0.0028,14.0,
pair,5000,Final,46,Colombia | Scotland,,0.0026,13.0,
pair,5000,Final,47,Brazil | Scotland,,0.0026,13.0,
pair,5000,Final,48,Argentina | Côte d'Ivoire,,0.0024,12.0,
pair,5000,Final,49,Argentina | Spain,,0.0024,12.0,
pair,5000,Final,50,Germany | Sweden,,0.0024,12.0,
pair,5000,Final,51,Brazil | Türkiye,,0.0024,12.0,
pair,5000,Final,52,Germany | Korea Republic,,0.0022,11.0,
pair,5000,Final,53,Scotland | Spain,,0.0022,11.0,
pair,5000,Final,54,Czechia | Ecuador,,0.0022,11.0,
pair,5000,Final,55,Morocco | Portugal,,0.0022,11.0,
pair,5000,Final,56,France | Netherlands,,0.0018,9.0,
pair,5000,Final,57,Germany | Portugal,,0.0018,9.0,
pair,5000,Final,58,France | Mexico,,0.0018,9.0,
pair,5000,Final,59,Netherlands | Scotland,,0.0016,8.0,
pair,5000,Final,60,Paraguay | Scotland,,0.0014,7.0,
pair,5000,Final,61,Morocco | Netherlands,,0.0014,7.0,
pair,5000,Final,62,France | Japan,,0.0014,7.0,
pair,5000,Final,63,Brazil | Senegal,,0.0012,6.0,
pair,5000,Final,64,Brazil | Croatia,,0.0012,6.0,
finalist,5000,Final,1,Brazil,,0.5064,,2532.0
finalist,5000,Final,2,Germany,,0.4274,,2137.0
finalist,5000,Final,3,Ecuador,,0.3168,,1584.0
finalist,5000,Final,4,Scotland,,0.1858,,929.0
finalist,5000,Final,5,France,,0.0962,,481.0
finalist,5000,Final,6,Argentina,,0.086,,430.0
finalist,5000,Final,7,Morocco,,0.0626,,313.0
finalist,5000,Final,8,Portugal,,0.0504,,252.0
finalist,5000,Final,9,Côte d'Ivoire,,0.0352,,176.0
finalist,5000,Final,10,Netherlands,,0.033,,165.0
finalist,5000,Final,11,Spain,,0.0286,,143.0
finalist,5000,Final,12,Mexico,,0.0278,,139.0
finalist,5000,Final,13,England,,0.0206,,103.0
finalist,5000,Final,14,Norway,,0.0188,,94.0
finalist,5000,Final,15,Colombia,,0.0172,,86.0
finalist,5000,Final,16,Japan,,0.0164,,82.0
